1996 122  0  68.9
1996 123  0  69.0
1996 124  0  69.5
1996 125  0  70.6
1996 126  0  72.0
1996 127  0  76.0
1996 128  0  76.3
1996 129  0  77.5
1996 130  0  77.7
1996 131  0  79.1
1996 132  0  78.0
1996 133  0  75.1
1996 134  0  74.3
1996 135  0  73.4
1996 136  0  72.5
1996 137  0  72.6
1996 138  0  72.9
1996 139  0  72.0
1996 140  0  70.4
1996 141  0  69.6
1996 142  0  68.5
1996 143  0  68.1
1996 144  0  68.9
1996 145  0  69.0
1996 146  0  68.7
1996 147  0  68.7
1996 148  0  68.4
1996 149  0  67.8
1996 150  0  68.3
1996 151  0  68.4
1996 152  0  69.9
1996 153  0  70.4
1996 154  0  70.2
1996 155  0  71.2
1996 156  0  71.2
1996 157  0  72.8
1996 158  0  73.8
1996 159  0  75.4
1996 160  0  72.4
1996 161  0  72.0
1996 162  0  71.1
1996 163  0  70.2
1996 164  0  69.5
1996 165  0  70.3
1996 166  0  69.8
1996 167  0  69.5
1996 168  0  69.0
1996 169  0  69.6
1996 170  0  69.9
1996 171  0  70.7
1996 172  0  71.9
1996 173  0  72.6
1996 174  0  72.0
1996 175  0  70.9
1996 176  0  74.7
1996 177  0  74.3
1996 178  0  74.2
1996 179  0  73.8
1996 180  0  73.8
1996 181  0  73.3
1996 182  0  73.1
1996 183  0  72.4
1996 184  0  72.8
1996 185  0  71.3
1996 186  0  71.5
1996 187  0  71.0
1996 188  0  70.5
1996 189  0  74.3
1996 190  0  84.3
1996 191  0  86.5
1996 192  0  82.5
1996 193  0  79.6
1996 194  0  76.2
1996 195  0  72.5
1996 196  0  70.0
1996 197  0  69.3
1996 198  0  69.1
1996 199  0  69.0
1996 200  0  67.0
1996 201  0  68.3
1996 202  0  67.5
1996 203  0  67.2
1996 204  0  68.2
1996 205  0  68.9
1996 206  0  68.3
1996 207  0  70.4
1996 208  0  72.4
1996 209  0  75.6
1996 210  0  77.8
1996 211  0  80.3
1996 212  0  82.3
1996 213  0  82.7
1996 214  0  82.8
1996 215  0  81.9
1996 216  0  81.6
1996 217  0  79.9
1996 218  0  76.2
1996 219  0  75.1
1996 220  0  73.7
1996 221  0  71.7
1996 222  0  72.1
1996 223  0  73.6
1996 224  0  74.8
1996 225  0  72.0
1996 226  0  71.4
1996 227  0  70.5
1996 228  0  69.3
1996 229  0  69.3
1996 230  0  69.5
1996 231  0  68.4
1996 232  0  69.3
1996 233  0  70.1
1996 234  0  71.3
1996 235  0  74.5
1996 236  0  75.8
1996 237  0  76.2
1996 238  0  76.3
1996 239  0  75.8
1996 240  0  75.9
1996 241  0  74.7
1996 242  0  75.0
1996 243  0  74.7
1996 244  0  77.6
1996 245  0  74.8
1996 246  0  73.6
1996 247  0  72.4
1996 248  0  72.0
1996 249  0  71.4
1996 250  0  70.8
1996 251  0  70.5
1996 252  0  69.2
1996 253  0  68.8
1996 254  0  68.9
1996 255  0  68.5
1996 256  0  68.6
1996 257  0  68.1
1996 258  0  67.9
1996 259  0  67.1
1996 260  0  68.7
1996 261  0  69.6
1996 262  0  69.6
1996 263  0  69.8
1996 264  0  69.7
1996 265  0  70.3
1996 266  0  69.1
1996 267  0  70.4
1996 268  0  70.4
1996 269  0  71.2
1996 270  0  70.4
1996 271  0  70.1
1996 272  0  71.2
1996 273  0  70.3
1996 274  0  69.7
1996 275  0  69.6
1996 276  0  69.8
1996 277  0  69.6
1996 278  0  69.4
1996 279  0  68.5
1996 280  0  68.8
1996 281  0  68.2
1996 282  0  67.7
1996 283  0  67.7
1996 284  0  67.4
1996 285  0  66.4
1996 286  0  66.9
1996 287  0  67.3
1996 288  0  68.2
1996 289  0  68.6
1996 290  0  68.1
1996 291  0  68.0
1996 292  0  69.0
1996 293  0  70.4
1996 294  0  70.6
1996 295  0  69.0
1996 296  0  69.1
1996 297  0  67.1
1996 298  0  69.1
1996 299  0  69.1
1996 300  0  70.3
1996 301  0  71.2
1996 302  0  67.5
1996 303  0  69.4
1996 304  0  69.7
1996 305  0  68.6
1996 306  0  68.5
1996 307  0  67.9
1996 308  0  68.3
1996 309  0  67.8
1996 310  0  67.1
1996 311  0  68.0
1996 312  0  67.3
1996 313  0  67.8
1996 314  0  68.9
1996 315  0  69.6
1996 316  0  70.0
1996 317  0  70.7
1996 318  0  71.5
1996 319  0  72.1
1996 320  0  71.9
1996 321  0  72.2
1996 322  0  70.4
1996 323  0  72.4
1996 324  0  72.6
1996 325  0  72.7
1996 326  0  72.6
1996 327  0  80.6
1996 328  0  88.7
1996 329  0  97.3
1996 330  0 101.7
1996 331  0 100.8
1996 332  0 100.0
1996 333  0  95.4
1996 334  0  88.5
1996 335  0  85.1
1996 336  0  80.8
1996 337  0  75.7
1996 338  0  70.7
1996 339  0  68.6
1996 340  0  67.6
1996 341  0  67.6
1996 342  0  67.1
1996 343  0  66.6
1996 344  0  71.5
1996 345  0  70.2
1996 346  0  75.2
1996 347  0  78.6
1996 348  0  79.2
1996 349  0  80.0
1996 350  0  82.3
1996 351  0  83.5
1996 352  0  83.6
1996 353  0  85.6
1996 354  0  84.6
1996 355  0  80.3
1996 356  0  80.9
1996 357  0  78.9
1996 358  0  76.9
1996 359  0  76.4
1996 360  0  74.7
1996 361  0  73.0
1996 362  0  72.2
1996 363  0  71.8
1996 364  0  71.4
1996 365  0  70.1
1996 366  0  69.8
1997   1  0  70.0
1997   2  0  69.7
1997   3  0  70.8
1997   4  0  71.4
1997   5  0  71.9
1997   6  0  70.6
1997   7  0  70.9
1997   8  0  71.3
1997   9  0  71.3
1997  10  0  72.9
1997  11  0  71.6
1997  12  0  72.1
1997  13  0  72.1
1997  14  0  72.4
1997  15  0  73.3
1997  16  0  72.4
1997  17  0  71.7
1997  18  0  72.2
1997  19  0  72.9
1997  20  0  74.3
1997  21  0  71.8
1997  22  0  70.7
1997  23  0  71.1
1997  24  0  71.9
1997  25  0  70.9
1997  26  0  71.9
1997  27  0  71.3
1997  28  0  70.8
1997  29  0  72.4
1997  30  0  71.5
1997  31  0  70.3
1997  32  0  69.2
1997  33  0  76.2
1997  34  0  77.4
1997  35  0  78.4
1997  36  0  73.3
1997  37  0  72.2
1997  38  0  73.7
1997  39  0  73.2
1997  40  0  71.2
1997  41  0  70.4
1997  42  0  69.3
1997  43  0  69.1
1997  44  0  69.3
1997  45  0  69.6
1997  46  0  70.1
1997  47  0  70.3
1997  48  0  71.4
1997  49  0  71.2
1997  50  0  70.4
1997  51  0  71.0
1997  52  0  71.6
1997  53  0  71.9
1997  54  0  73.0
1997  55  0  73.1
1997  56  0  72.6
1997  57  0  72.4
1997  58  0  72.4
1997  59  0  71.5
1997  60  0  70.5
1997  61  0  71.1
1997  62  0  72.8
1997  63  0  72.8
1997  64  0  73.4
1997  65  0  74.2
1997  66  0  73.1
1997  67  0  73.6
1997  68  0  74.1
1997  69  0  73.8
1997  70  0  73.4
1997  71  0  73.4
1997  72  0  73.3
1997  73  0  74.7
1997  74  0  75.0
1997  75  0  75.0
1997  76  0  74.4
1997  77  0  73.7
1997  78  0  73.1
1997  79  0  71.0
1997  80  0  70.0
1997  81  0  70.1
1997  82  0  70.3
1997  83  0  70.6
1997  84  0  70.2
1997  85  0  69.5
1997  86  0  71.9
1997  87  0  72.9
1997  88  0  75.1
1997  89  0  73.8
1997  90  0  74.6
1997  91  0  76.2
1997  92  0  80.4
1997  93  0  78.8
1997  94  0  78.6
1997  95  0  80.3
1997  96  0  78.3
1997  97  0  77.0
1997  98  0  76.3
1997  99  0  78.3
1997 100  0  78.0
1997 101  0  77.4
1997 102  0  76.9
1997 103  0  79.3
1997 104  0  77.9
1997 105  0  79.2
1997 106  0  75.6
1997 107  0  72.3
1997 108  0  70.7
1997 109  0  70.6
1997 110  0  70.4
1997 111  0  70.9
1997 112  0  71.5
1997 113  0  69.7
1997 114  0  70.7
1997 115  0  69.6
1997 116  0  71.8
1997 117  0  74.1
1997 118  0  73.4
1997 119  0  72.9
1997 120  0  73.7
1997 121  0  73.4
1997 122  0  73.3
1997 123  0  72.3
1997 124  0  72.1
1997 125  0  73.6
1997 126  0  73.4
1997 127  0  73.3
1997 128  0  73.3
1997 129  0  73.0
1997 130  0  74.6
1997 131  0  73.8
1997 132  0  73.7
1997 133  0  75.4
1997 134  0  75.1
1997 135  0  74.7
1997 136  0  73.9
1997 137  0  74.4
1997 138  0  75.8
1997 139  0  76.0
1997 140  0  81.1
1997 141  0  86.9
1997 142  0  83.0
1997 143  0  78.1
1997 144  0  78.9
1997 145  0  80.1
1997 146  0  82.0
1997 147  0  80.4
1997 148  0  79.5
1997 149  0  77.6
1997 150  0  77.2
1997 151  0  74.5
1997 152  0  79.6
1997 153  0  79.1
1997 154  0  77.4
1997 155  0  76.1
1997 156  0  76.1
1997 157  0  76.4
1997 158  0  76.9
1997 159  0  75.4
1997 160  0  75.3
1997 161  0  74.2
1997 162  0  73.0
1997 163  0  71.8
1997 164  0  72.3
1997 165  0  72.9
1997 166  0  73.0
1997 167  0  74.4
1997 168  0  71.8
1997 169  0  73.5
1997 170  0  72.4
1997 171  0  72.5
1997 172  0  69.8
1997 173  0  71.8
1997 174  0  71.3
1997 175  0  72.2
1997 176  0  74.1
1997 177  0  74.2
1997 178  0  74.1
1997 179  0  73.6
1997 180  0  72.6
1997 181  0  72.1
1997 182  0  72.4
1997 183  0  72.4
1997 184  0  71.4
1997 185  0  72.0
1997 186  0  72.0
1997 187  0  70.6
1997 188  0  72.6
1997 189  0  72.1
1997 190  0  72.3
1997 191  0  70.8
1997 192  0  70.9
1997 193  0  69.6
1997 194  0  69.3
1997 195  0  70.3
1997 196  0  71.5
1997 197  0  71.9
1997 198  0  72.2
1997 199  0  72.3
1997 200  0  72.8
1997 201  0  73.5
1997 202  0  73.6
1997 203  0  74.5
1997 204  0  78.1
1997 205  0  81.2
1997 206  0  83.0
1997 207  0  79.0
1997 208  0  76.8
1997 209  0  76.5
1997 210  0  75.0
1997 211  0  73.2
1997 212  0  72.5
1997 213  0  73.2
1997 214  0  72.9
1997 215  0  74.3
1997 216  0  74.9
1997 217  0  76.9
1997 218  0  79.0
1997 219  0  80.1
1997 220  0  79.9
1997 221  0  80.3
1997 222  0  80.4
1997 223  0  81.6
1997 224  0  83.0
1997 225  0  84.2
1997 226  0  81.6
1997 227  0  79.6
1997 228  0  79.8
1997 229  0  77.4
1997 230  0  77.7
1997 231  0  76.1
1997 232  0  76.3
1997 233  0  76.3
1997 234  0  77.2
1997 235  0  78.2
1997 236  0  79.4
1997 237  0  83.7
1997 238  0  85.5
1997 239  0  83.5
1997 240  0  92.3
1997 241  0  93.3
1997 242  0  93.8
1997 243  0  98.2
1997 244  0  95.1
1997 245  0  93.3
1997 246  0  94.7
1997 247  0  94.6
1997 248  0  97.6
1997 249  0  99.1
1997 250  0 103.6
1997 251  0 121.1
1997 252  0 117.7
1997 253  0 116.4
1997 254  0 110.0
1997 255  0 110.3
1997 256  0 108.9
1997 257  0 103.7
1997 258  0  99.1
1997 259  0  96.4
1997 260  0  94.0
1997 261  0  89.0
1997 262  0  89.1
1997 263  0  88.4
1997 264  0  85.8
1997 265  0  89.6
1997 266  0  92.3
1997 267  0  93.5
1997 268  0  88.9
1997 269  0  89.5
1997 270  0  88.8
1997 271  0  87.5
1997 272  0  90.0
1997 273  0  87.9
1997 274  0  87.3
1997 275  0  86.0
1997 276  0  85.8
1997 277  0  83.4
1997 278  0  84.3
1997 279  0  83.6
1997 280  0  83.4
1997 281  0  82.7
1997 282  0  83.3
1997 283  0  84.0
1997 284  0  85.8
1997 285  0  88.3
1997 286  0  87.8
1997 287  0  84.3
1997 288  0  86.4
1997 289  0  86.9
1997 290  0  87.5
1997 291  0  85.9
1997 292  0  84.0
1997 293  0  82.1
1997 294  0  84.2
1997 295  0  79.9
1997 296  0  78.8
1997 297  0  77.7
1997 298  0  80.5
1997 299  0  81.0
1997 300  0  83.3
1997 301  0  84.4
1997 302  0  86.0
1997 303  0  86.9
1997 304  0  89.2
1997 305  0  91.6
1997 306  0  96.2
1997 307  0 108.0
1997 308  0 115.9
1997 309  0 111.9
1997 310  0 103.5
1997 311  0  92.7
1997 312  0  87.9
1997 313  0  84.8
1997 314  0  87.6
1997 315  0  89.6
1997 316  0  85.4
1997 317  0  88.2
1997 318  0  91.0
1997 319  0  94.1
1997 320  0  94.1
1997 321  0  92.0
1997 322  0  89.4
1997 323  0  96.8
1997 324  0  86.5
1997 325  0  93.6
1997 326  0  97.7
1997 327  0  97.3
1997 328  0 100.6
1997 329  0  99.4
1997 330  0 105.2
1997 331  0 108.2
1997 332  0 113.2
1997 333  0 109.0
1997 334  0 109.3
1997 335  0 113.7
1997 336  0 109.0
1997 337  0 109.0
1997 338  0 104.2
1997 339  0 100.7
1997 340  0 105.6
1997 341  0  96.0
1997 342  0  95.1
1997 343  0  93.8
1997 344  0  92.2
1997 345  0  93.4
1997 346  0  89.6
1997 347  0  86.5
1997 348  0  87.1
1997 349  0  86.3
1997 350  0  82.0
1997 351  0  82.9
1997 352  0  83.5
1997 353  0  86.8
1997 354  0  86.7
1997 355  0  89.0
1997 356  0  93.8
1997 357  0 100.7
1997 358  0 104.3
1997 359  0 101.3
1997 360  0 101.3
1997 361  0  92.7
1997 362  0  98.7
1997 363  0 101.0
1997 364  0  98.0
1997 365  0 101.1
1998   1  0  98.3
1998   2  0  97.6
1998   3  0  97.7
1998   4  0  87.7
1998   5  0  86.3
1998   6  0  84.1
1998   7  0  82.1
1998   8  0  79.5
1998   9  0  78.9
1998  10  0  78.0
1998  11  0  82.0
1998  12  0  92.7
1998  13  0  87.5
1998  14  0  90.8
1998  15  0  94.6
1998  16  0  94.4
1998  17  0  92.8
1998  18  0  92.0
1998  19  0  90.5
1998  20  0  88.5
1998  21  0  88.0
1998  22  0  90.1
1998  23  0  93.9
1998  24  0  94.5
1998  25  0 105.0
1998  26  0  96.9
1998  27  0  97.7
1998  28  0  93.7
1998  29  0  90.9
1998  30  0  88.4
1998  31  0  86.8
1998  32  0  88.1
1998  33  0  86.5
1998  34  0  86.3
1998  35  0  86.6
1998  36  0  83.1
1998  37  0  81.8
1998  38  0  80.8
1998  39  0  81.3
1998  40  0  81.5
1998  41  0  81.5
1998  42  0  84.0
1998  43  0  88.3
1998  44  0  92.3
1998  45  0 102.3
1998  46  0 104.7
1998  47  0 104.2
1998  48  0 102.4
1998  49  0 100.9
1998  50  0  96.3
1998  51  0  93.6
1998  52  0  92.8
1998  53  0  93.5
1998  54  0  97.3
1998  55  0  96.6
1998  56  0  92.9
1998  57  0  90.9
1998  58  0  88.6
1998  59  0  92.3
1998  60  0  96.5
1998  61  0  89.9
1998  62  0  95.0
1998  63  0 100.0
1998  64  0  95.1
1998  65  0  90.3
1998  66  0  90.5
1998  67  0  89.9
1998  68  0  88.7
1998  69  0  95.0
1998  70  0  99.4
1998  71  0 100.3
1998  72  0 103.7
1998  73  0 118.2
1998  74  0 131.6
1998  75  0 122.6
1998  76  0 124.3
1998  77  0 125.9
1998  78  0 123.5
1998  79  0 125.5
1998  80  0 124.9
1998  81  0 126.8
1998  82  0 121.3
1998  83  0 119.9
1998  84  0 114.4
1998  85  0 109.5
1998  86  0 107.7
1998  87  0 103.6
1998  88  0 100.0
1998  89  0 107.2
1998  90  0 107.9
1998  91  0 105.6
1998  92  0 103.4
1998  93  0 103.6
1998  94  0 110.2
1998  95  0 126.4
1998  96  0 133.7
1998  97  0 135.5
1998  98  0 141.0
1998  99  0 140.2
1998 100  0 130.2
1998 101  0 128.8
1998 102  0 117.6
1998 103  0 115.5
1998 104  0 112.6
1998 105  0 113.5
1998 106  0 107.2
1998 107  0 102.1
1998 108  0  99.4
1998 109  0  96.7
1998 110  0  98.7
1998 111  0  92.9
1998 112  0  88.5
1998 113  0  91.3
1998 114  0  91.7
1998 115  0  93.0
1998 116  0  91.8
1998 117  0  92.6
1998 118  0  99.8
1998 119  0 102.0
1998 120  0 104.1
1998 121  0 115.1
1998 122  0 118.8
1998 123  0 119.3
1998 124  0 123.2
1998 125  0 135.7
1998 126  0 132.4
1998 127  0 125.6
1998 128  0 120.2
1998 129  0 112.8
1998 130  0 109.3
1998 131  0 110.2
1998 132  0 114.4
1998 133  0 119.1
1998 134  0 119.8
1998 135  0 118.6
1998 136  0 120.4
1998 137  0 113.0
1998 138  0 104.6
1998 139  0 101.5
1998 140  0  94.1
1998 141  0  91.2
1998 142  0  89.6
1998 143  0  92.6
1998 144  0  98.0
1998 145  0  94.7
1998 146  0  94.9
1998 147  0  96.6
1998 148  0 101.1
1998 149  0  97.6
1998 150  0  98.8
1998 151  0  96.8
1998 152  0 103.0
1998 153  0 107.7
1998 154  0 116.4
1998 155  0 115.0
1998 156  0 118.4
1998 157  0 118.5
1998 158  0 116.4
1998 159  0 120.5
1998 160  0 115.7
1998 161  0 115.3
1998 162  0 115.8
1998 163  0 115.7
1998 164  0 113.9
1998 165  0 105.1
1998 166  0 103.6
1998 167  0 107.3
1998 168  0 103.9
1998 169  0 103.3
1998 170  0 101.8
1998 171  0 104.4
1998 172  0 105.4
1998 173  0 103.8
1998 174  0  98.9
1998 175  0 108.8
1998 176  0 109.7
1998 177  0 112.8
1998 178  0 119.1
1998 179  0 126.1
1998 180  0 123.3
1998 181  0 125.0
1998 182  0 131.1
1998 183  0 124.4
1998 184  0 131.9
1998 185  0 133.5
1998 186  0 127.6
1998 187  0 125.2
1998 188  0 118.5
1998 189  0 116.2
1998 190  0 118.2
1998 191  0 112.9
1998 192  0 111.3
1998 193  0 102.6
1998 194  0 109.7
1998 195  0 106.3
1998 196  0 108.2
1998 197  0 109.7
1998 198  0 103.6
1998 199  0 102.4
1998 200  0 105.2
1998 201  0 115.4
1998 202  0 113.9
1998 203  0 117.8
1998 204  0 119.1
1998 205  0 129.2
1998 206  0 125.5
1998 207  0 122.8
1998 208  0 123.2
1998 209  0 125.1
1998 210  0 123.1
1998 211  0 118.3
1998 212  0 117.2
1998 213  0 115.4
1998 214  0 112.9
1998 215  0 111.7
1998 216  0 119.2
1998 217  0 130.5
1998 218  0 142.2
1998 219  0 149.1
1998 220  0 150.9
1998 221  0 158.3
1998 222  0 153.3
1998 223  0 154.1
1998 224  0 150.9
1998 225  0 140.4
1998 226  0 140.6
1998 227  0 136.8
1998 228  0 143.3
1998 229  0 139.7
1998 230  0 135.8
1998 231  0 137.9
1998 232  0 141.9
1998 233  0 135.2
1998 234  0 135.9
1998 235  0 129.3
1998 236  0 123.9
1998 237  0 124.8
1998 238  0 129.6
1998 239  0 137.8
1998 240  0 142.0
1998 241  0 149.4
1998 242  0 166.4
1998 243  0 181.8
1998 244  0 180.2
1998 245  0 166.3
1998 246  0 165.5
1998 247  0 157.3
1998 248  0 156.8
1998 249  0 167.1
1998 250  0 153.5
1998 251  0 155.8
1998 252  0 147.4
1998 253  0 143.6
1998 254  0 140.4
1998 255  0 136.6
1998 256  0 132.3
1998 257  0 123.3
1998 258  0 118.6
1998 259  0 119.9
1998 260  0 118.6
1998 261  0 123.7
1998 262  0 128.0
1998 263  0 133.3
1998 264  0 139.4
1998 265  0 142.1
1998 266  0 144.1
1998 267  0 136.2
1998 268  0 139.2
1998 269  0 136.2
1998 270  0 128.0
1998 271  0 123.0
1998 272  0 116.3
1998 273  0 121.8
1998 274  0 119.1
1998 275  0 112.9
1998 276  0 112.0
1998 277  0 114.9
1998 278  0 117.1
1998 279  0 116.9
1998 280  0 124.1
1998 281  0 123.8
1998 282  0 123.2
1998 283  0 120.3
1998 284  0 118.5
1998 285  0 113.4
1998 286  0 117.5
1998 287  0 118.4
1998 288  0 130.4
1998 289  0 130.1
1998 290  0 134.4
1998 291  0 125.0
1998 292  0 116.8
1998 293  0 120.2
1998 294  0 117.2
1998 295  0 113.8
1998 296  0 111.4
1998 297  0 109.6
1998 298  0 106.3
1998 299  0 102.8
1998 300  0 101.8
1998 301  0 106.4
1998 302  0 108.0
1998 303  0 109.9
1998 304  0 117.0
1998 305  0 119.5
1998 306  0 124.1
1998 307  0 149.3
1998 308  0 139.0
1998 309  0 150.1
1998 310  0 138.4
1998 311  0 145.8
1998 312  0 149.9
1998 313  0 159.3
1998 314  0 150.8
1998 315  0 144.1
1998 316  0 138.7
1998 317  0 132.6
1998 318  0 123.8
1998 319  0 123.7
1998 320  0 121.8
1998 321  0 118.0
1998 322  0 112.2
1998 323  0 113.7
1998 324  0 118.6
1998 325  0 118.3
1998 326  0 123.0
1998 327  0 126.7
1998 328  0 136.7
1998 329  0 145.6
1998 330  0 152.3
1998 331  0 154.7
1998 332  0 160.4
1998 333  0 163.2
1998 334  0 158.9
1998 335  0 158.2
1998 336  0 147.4
1998 337  0 148.7
1998 338  0 144.0
1998 339  0 138.3
1998 340  0 138.1
1998 341  0 148.7
1998 342  0 157.1
1998 343  0 149.3
1998 344  0 129.8
1998 345  0 138.8
1998 346  0 138.9
1998 347  0 139.7
1998 348  0 139.9
1998 349  0 137.2
1998 350  0 136.1
1998 351  0 141.5
1998 352  0 149.8
1998 353  0 133.6
1998 354  0 130.4
1998 355  0 130.9
1998 356  0 124.6
1998 357  0 135.2
1998 358  0 134.9
1998 359  0 139.6
1998 360  0 140.2
1998 361  0 161.4
1998 362  0 178.3
1998 363  0 176.8
1998 364  0 173.1
1998 365  0 168.8
1999   1  0 161.6
1999   2  0 154.8
1999   3  0 149.4
1999   4  0 142.0
1999   5  0 132.0
1999   6  0 121.6
1999   7  0 111.3
1999   8  0 111.7
1999   9  0 111.0
1999  10  0 106.7
1999  11  0 108.2
1999  12  0 109.1
1999  13  0 114.7
1999  14  0 132.4
1999  15  0 138.0
1999  16  0 153.4
1999  17  0 156.2
1999  18  0 165.4
1999  19  0 170.3
1999  20  0 231.3
1999  21  0 169.7
1999  22  0 172.3
1999  23  0 160.8
1999  24  0 156.8
1999  25  0 133.9
1999  26  0 129.1
1999  27  0 121.6
1999  28  0 115.2
1999  29  0 114.2
1999  30  0 114.5
1999  31  0 111.5
1999  32  0 114.5
1999  33  0 107.7
1999  34  0 105.8
1999  35  0 104.3
1999  36  0 100.9
1999  37  0  96.6
1999  38  0 106.5
1999  39  0 121.1
1999  40  0 125.9
1999  41  0 148.4
1999  42  0 159.3
1999  43  0 183.6
1999  44  0 193.4
1999  45  0 199.6
1999  46  0 185.5
1999  47  0 187.3
1999  48  0 185.3
1999  49  0 164.2
1999  50  0 160.5
1999  51  0 153.6
1999  52  0 144.0
1999  53  0 127.0
1999  54  0 124.3
1999  55  0 117.3
1999  56  0 117.1
1999  57  0 113.4
1999  58  0 112.9
1999  59  0 120.7
1999  60  0 118.0
1999  61  0 127.6
1999  62  0 134.6
1999  63  0 141.6
1999  64  0 125.4
1999  65  0 112.6
1999  66  0 108.3
1999  67  0 125.0
1999  68  0 125.3
1999  69  0 133.6
1999  70  0 135.3
1999  71  0 138.5
1999  72  0 142.7
1999  73  0 148.7
1999  74  0 148.4
1999  75  0 154.1
1999  76  0 152.9
1999  77  0 146.7
1999  78  0 138.1
1999  79  0 131.6
1999  80  0 123.1
1999  81  0 115.0
1999  82  0 112.2
1999  83  0 107.6
1999  84  0 106.4
1999  85  0 103.1
1999  86  0 104.1
1999  87  0 102.7
1999  88  0 103.8
1999  89  0 104.4
1999  90  0 101.7
1999  91  0 102.9
1999  92  0  99.4
1999  93  0 102.7
1999  94  0 116.0
1999  95  0 132.7
1999  96  0 137.6
1999  97  0 141.7
1999  98  0 139.5
1999  99  0 136.7
1999 100  0 136.9
1999 101  0 131.3
1999 102  0 130.7
1999 103  0 130.3
1999 104  0 121.0
1999 105  0 122.7
1999 106  0 123.8
1999 107  0 116.6
1999 108  0 113.8
1999 109  0 110.9
1999 110  0 105.8
1999 111  0 104.4
1999 112  0 101.4
1999 113  0  99.3
1999 114  0 102.0
1999 115  0 103.8
1999 116  0 105.8
1999 117  0 110.0
1999 118  0 111.3
1999 119  0 123.9
1999 120  0 125.3
1999 121  0 134.9
1999 122  0 137.9
1999 123  0 129.2
1999 124  0 141.1
1999 125  0 143.3
1999 126  0 149.5
1999 127  0 166.4
1999 128  0 175.1
1999 129  0 181.7
1999 130  0 172.8
1999 131  0 162.6
1999 132  0 156.3
1999 133  0 150.5
1999 134  0 147.3
1999 135  0 146.8
1999 136  0 155.6
1999 137  0 148.6
1999 138  0 143.8
1999 139  0 145.8
1999 140  0 145.9
1999 141  0 143.7
1999 142  0 143.7
1999 143  0 144.2
1999 144  0 140.4
1999 145  0 146.8
1999 146  0 156.6
1999 147  0 159.3
1999 148  0 156.2
1999 149  0 152.7
1999 150  0 161.1
1999 151  0 170.1
1999 152  0 181.2
1999 153  0 178.1
1999 154  0 178.5
1999 155  0 175.9
1999 156  0 168.8
1999 157  0 172.9
1999 158  0 162.4
1999 159  0 161.3
1999 160  0 170.3
1999 161  0 166.0
1999 162  0 169.8
1999 163  0 173.2
1999 164  0 173.0
1999 165  0 173.5
1999 166  0 163.5
1999 167  0 157.6
1999 168  0 151.3
1999 169  0 151.2
1999 170  0 143.3
1999 171  0 156.5
1999 172  0 150.3
1999 173  0 166.9
1999 174  0 173.0
1999 175  0 191.1
1999 176  0 207.5
1999 177  0 206.1
1999 178  0 214.3
1999 179  0 203.2
1999 180  0 197.7
1999 181  0 216.5
1999 182  0 202.0
1999 183  0 193.4
1999 184  0 203.5
1999 185  0 191.9
1999 186  0 180.0
1999 187  0 173.5
1999 188  0 163.7
1999 189  0 154.1
1999 190  0 155.9
1999 191  0 161.5
1999 192  0 157.8
1999 193  0 159.2
1999 194  0 148.3
1999 195  0 133.9
1999 196  0 133.8
1999 197  0 136.4
1999 198  0 141.3
1999 199  0 142.8
1999 200  0 145.8
1999 201  0 144.1
1999 202  0 152.1
1999 203  0 157.8
1999 204  0 199.9
1999 205  0 190.1
1999 206  0 188.0
1999 207  0 177.8
1999 208  0 179.9
1999 209  0 203.9
1999 210  0 208.6
1999 211  0 212.2
1999 212  0 206.7
1999 213  0 222.9
1999 214  0 218.8
1999 215  0 216.9
1999 216  0 206.0
1999 217  0 182.1
1999 218  0 175.3
1999 219  0 157.6
1999 220  0 141.7
1999 221  0 141.9
1999 222  0 130.8
1999 223  0 131.4
1999 224  0 126.4
1999 225  0 129.8
1999 226  0 131.5
1999 227  0 134.5
1999 228  0 134.4
1999 229  0 144.5
1999 230  0 133.9
1999 231  0 138.0
1999 232  0 155.2
1999 233  0 165.0
1999 234  0 176.7
1999 235  0 191.7
1999 236  0 206.4
1999 237  0 212.9
1999 238  0 226.9
1999 239  0 227.7
1999 240  0 253.4
1999 241  0 222.5
1999 242  0 201.9
1999 243  0 186.1
1999 244  0 165.8
1999 245  0 159.3
1999 246  0 141.7
1999 247  0 133.5
1999 248  0 123.8
1999 249  0 120.4
1999 250  0 114.1
1999 251  0 108.4
1999 252  0 108.0
1999 253  0 123.7
1999 254  0 124.1
1999 255  0 142.6
1999 256  0 156.5
1999 257  0 158.2
1999 258  0 156.6
1999 259  0 159.9
1999 260  0 159.1
1999 261  0 153.0
1999 262  0 150.6
1999 263  0 146.2
1999 264  0 147.9
1999 265  0 141.5
1999 266  0 137.8
1999 267  0 132.4
1999 268  0 126.1
1999 269  0 123.3
1999 270  0 124.4
1999 271  0 126.5
1999 272  0 125.3
1999 273  0 125.1
1999 274  0 121.9
1999 275  0 126.6
1999 276  0 134.7
1999 277  0 144.4
1999 278  0 146.2
1999 279  0 133.5
1999 280  0 129.2
1999 281  0 150.9
1999 282  0 152.8
1999 283  0 160.0
1999 284  0 166.0
1999 285  0 182.9
1999 286  0 190.1
1999 287  0 198.7
1999 288  0 197.1
1999 289  0 187.8
1999 290  0 176.8
1999 291  0 171.4
1999 292  0 168.2
1999 293  0 157.4
1999 294  0 157.0
1999 295  0 158.8
1999 296  0 162.8
1999 297  0 157.1
1999 298  0 177.2
1999 299  0 187.1
1999 300  0 194.8
1999 301  0 181.5
1999 302  0 177.2
1999 303  0 167.0
1999 304  0 158.1
1999 305  0 148.4
1999 306  0 140.6
1999 307  0 140.8
1999 308  0 145.1
1999 309  0 157.8
1999 310  0 147.4
1999 311  0 170.8
1999 312  0 188.4
1999 313  0 225.5
1999 314  0 243.6
1999 315  0 235.0
1999 316  0 227.1
1999 317  0 219.1
1999 318  0 214.2
1999 319  0 201.1
1999 320  0 228.2
1999 321  0 216.3
1999 322  0 212.9
1999 323  0 205.1
1999 324  0 199.5
1999 325  0 205.0
1999 326  0 187.2
1999 327  0 180.9
1999 328  0 181.9
1999 329  0 179.0
1999 330  0 167.7
1999 331  0 164.5
1999 332  0 170.1
1999 333  0 159.5
1999 334  0 158.3
1999 335  0 160.4
1999 336  0 160.9
1999 337  0 147.5
1999 338  0 143.3
1999 339  0 138.6
1999 340  0 138.6
1999 341  0 148.8
1999 342  0 145.6
1999 343  0 151.5
1999 344  0 159.5
1999 345  0 154.3
1999 346  0 154.4
1999 347  0 161.0
1999 348  0 163.1
1999 349  0 173.1
1999 350  0 187.9
1999 351  0 194.4
1999 352  0 198.9
1999 353  0 200.3
1999 354  0 202.4
1999 355  0 210.1
1999 356  0 195.1
1999 357  0 191.9
1999 358  0 176.5
1999 359  0 172.5
1999 360  0 171.2
1999 361  0 156.4
1999 362  0 145.4
1999 363  0 139.0
1999 364  0 131.2
1999 365  0 125.8
2000   1  0 125.6
2000   2  0 128.5
2000   3  0 128.7
2000   4  0 130.3
2000   5  0 132.0
2000   6  0 140.0
2000   7  0 144.8
2000   8  0 149.6
2000   9  0 155.3
2000  10  0 157.8
2000  11  0 171.8
2000  12  0 189.3
2000  13  0 195.4
2000  14  0 194.7
2000  15  0 203.9
2000  16  0 201.0
2000  17  0 190.1
2000  18  0 188.4
2000  19  0 172.9
2000  20  0 165.3
2000  21  0 154.3
2000  22  0 145.8
2000  23  0 136.1
2000  24  0 136.3
2000  25  0 133.1
2000  26  0 136.4
2000  27  0 128.4
2000  28  0 122.2
2000  29  0 123.9
2000  30  0 128.7
2000  31  0 134.5
2000  32  0 134.1
2000  33  0 140.2
2000  34  0 149.7
2000  35  0 162.7
2000  36  0 163.1
2000  37  0 172.8
2000  38  0 177.0
2000  39  0 169.0
2000  40  0 170.8
2000  41  0 171.1
2000  42  0 165.8
2000  43  0 159.1
2000  44  0 155.9
2000  45  0 154.7
2000  46  0 152.2
2000  47  0 156.3
2000  48  0 164.4
2000  49  0 137.8
2000  50  0 141.5
2000  51  0 149.9
2000  52  0 148.7
2000  53  0 168.6
2000  54  0 181.2
2000  55  0 188.3
2000  56  0 206.2
2000  57  0 210.6
2000  58  0 222.9
2000  59  0 214.7
2000  60  0 215.1
2000  61  0 228.7
2000  62  0 209.6
2000  63  0 200.4
2000  64  0 197.0
2000  65  0 216.8
2000  66  0 219.1
2000  67  0 218.5
2000  68  0 211.8
2000  69  0 203.0
2000  70  0 200.7
2000  71  0 200.6
2000  72  0 200.8
2000  73  0 186.0
2000  74  0 180.6
2000  75  0 175.9
2000  76  0 182.5
2000  77  0 190.6
2000  78  0 193.0
2000  79  0 206.5
2000  80  0 208.7
2000  81  0 228.9
2000  82  0 232.2
2000  83  0 222.7
2000  84  0 217.7
2000  85  0 204.1
2000  86  0 210.4
2000  87  0 204.1
2000  88  0 200.3
2000  89  0 208.3
2000  90  0 205.1
2000  91  0 225.1
2000  92  0 222.7
2000  93  0 219.3
2000  94  0 215.5
2000  95  0 206.9
2000  96  0 194.7
2000  97  0 178.1
2000  98  0 175.4
2000  99  0 182.5
2000 100  0 176.9
2000 101  0 178.6
2000 102  0 182.4
2000 103  0 173.9
2000 104  0 165.0
2000 105  0 166.3
2000 106  0 164.9
2000 107  0 160.2
2000 108  0 159.2
2000 109  0 161.8
2000 110  0 169.2
2000 111  0 182.4
2000 112  0 189.2
2000 113  0 204.1
2000 114  0 208.4
2000 115  0 208.1
2000 116  0 205.1
2000 117  0 192.4
2000 118  0 186.0
2000 119  0 186.0
2000 120  0 177.5
2000 121  0 172.0
2000 122  0 160.1
2000 123  0 155.3
2000 124  0 139.6
2000 125  0 136.8
2000 126  0 132.1
2000 127  0 129.1
2000 128  0 133.4
2000 129  0 139.6
2000 130  0 152.5
2000 131  0 182.8
2000 132  0 181.3
2000 133  0 194.4
2000 134  0 222.0
2000 135  0 237.6
2000 136  0 249.9
2000 137  0 264.5
2000 138  0 268.1
2000 139  0 258.8
2000 140  0 260.4
2000 141  0 251.6
2000 142  0 238.0
2000 143  0 220.3
2000 144  0 209.5
2000 145  0 194.3
2000 146  0 177.4
2000 147  0 172.4
2000 148  0 166.2
2000 149  0 160.2
2000 150  0 153.1
2000 151  0 150.5
2000 152  0 158.7
2000 153  0 152.3
2000 154  0 192.7
2000 155  0 170.7
2000 156  0 174.7
2000 157  0 176.1
2000 158  0 192.0
2000 159  0 185.8
2000 160  0 179.9
2000 161  0 174.1
2000 162  0 185.1
2000 163  0 192.6
2000 164  0 198.7
2000 165  0 205.5
2000 166  0 206.9
2000 167  0 208.9
2000 168  0 203.8
2000 169  0 199.4
2000 170  0 193.7
2000 171  0 184.2
2000 172  0 189.7
2000 173  0 194.2
2000 174  0 185.6
2000 175  0 181.0
2000 176  0 173.9
2000 177  0 180.9
2000 178  0 183.4
2000 179  0 184.6
2000 180  0 181.2
2000 181  0 168.8
2000 182  0 165.0
2000 183  0 169.2
2000 184  0 167.9
2000 185  0 161.5
2000 186  0 163.7
2000 187  0 174.4
2000 188  0 180.1
2000 189  0 193.5
2000 190  0 217.1
2000 191  0 218.4
2000 192  0 252.7
2000 193  0 249.7
2000 194  0 325.1
2000 195  0 239.6
2000 196  0 210.6
2000 197  0 220.1
2000 198  0 226.1
2000 199  0 235.8
2000 200  0 270.5
2000 201  0 258.0
2000 202  0 261.1
2000 203  0 259.0
2000 204  0 259.0
2000 205  0 224.3
2000 206  0 232.0
2000 207  0 208.2
2000 208  0 180.1
2000 209  0 167.4
2000 210  0 162.7
2000 211  0 157.9
2000 212  0 154.5
2000 213  0 152.4
2000 214  0 153.9
2000 215  0 155.1
2000 216  0 158.8
2000 217  0 158.7
2000 218  0 163.2
2000 219  0 170.8
2000 220  0 171.6
2000 221  0 175.6
2000 222  0 187.2
2000 223  0 185.9
2000 224  0 192.3
2000 225  0 194.3
2000 226  0 190.9
2000 227  0 194.3
2000 228  0 198.9
2000 229  0 190.3
2000 230  0 181.5
2000 231  0 173.6
2000 232  0 160.8
2000 233  0 156.0
2000 234  0 154.9
2000 235  0 147.5
2000 236  0 139.9
2000 237  0 133.5
2000 238  0 136.0
2000 239  0 139.9
2000 240  0 153.2
2000 241  0 163.2
2000 242  0 166.5
2000 243  0 167.9
2000 244  0 165.9
2000 245  0 160.5
2000 246  0 156.7
2000 247  0 156.7
2000 248  0 173.6
2000 249  0 183.1
2000 250  0 181.5
2000 251  0 175.8
2000 252  0 165.7
2000 253  0 153.0
2000 254  0 142.5
2000 255  0 136.7
2000 256  0 134.2
2000 257  0 134.8
2000 258  0 152.5
2000 259  0 161.1
2000 260  0 176.4
2000 261  0 183.2
2000 262  0 205.7
2000 263  0 208.8
2000 264  0 213.1
2000 265  0 226.7
2000 266  0 233.8
2000 267  0 226.7
2000 268  0 225.8
2000 269  0 226.8
2000 270  0 224.7
2000 271  0 205.5
2000 272  0 203.0
2000 273  0 192.6
2000 274  0 194.0
2000 275  0 201.9
2000 276  0 202.9
2000 277  0 192.1
2000 278  0 184.1
2000 279  0 173.7
2000 280  0 157.9
2000 281  0 155.3
2000 282  0 148.6
2000 283  0 140.4
2000 284  0 139.1
2000 285  0 150.8
2000 286  0 161.9
2000 287  0 167.2
2000 288  0 162.3
2000 289  0 160.1
2000 290  0 159.8
2000 291  0 153.0
2000 292  0 149.9
2000 293  0 156.5
2000 294  0 159.3
2000 295  0 156.5
2000 296  0 158.6
2000 297  0 164.8
2000 298  0 157.5
2000 299  0 162.0
2000 300  0 168.9
2000 301  0 173.7
2000 302  0 179.7
2000 303  0 184.5
2000 304  0 191.0
2000 305  0 190.5
2000 306  0 201.2
2000 307  0 193.2
2000 308  0 195.5
2000 309  0 191.4
2000 310  0 183.1
2000 311  0 174.9
2000 312  0 176.6
2000 313  0 169.5
2000 314  0 163.0
2000 315  0 150.4
2000 316  0 146.6
2000 317  0 143.6
2000 318  0 140.6
2000 319  0 145.4
2000 320  0 143.2
2000 321  0 150.7
2000 322  0 159.6
2000 323  0 172.9
2000 324  0 170.7
2000 325  0 169.6
2000 326  0 180.9
2000 327  0 190.1
2000 328  0 200.1
2000 329  0 192.1
2000 330  0 197.0
2000 331  0 197.0
2000 332  0 186.6
2000 333  0 190.3
2000 334  0 183.2
2000 335  0 187.0
2000 336  0 179.3
2000 337  0 162.3
2000 338  0 158.9
2000 339  0 147.6
2000 340  0 142.7
2000 341  0 136.9
2000 342  0 139.9
2000 343  0 134.1
2000 344  0 130.7
2000 345  0 142.1
2000 346  0 139.2
2000 347  0 145.2
2000 348  0 159.5
2000 349  0 176.5
2000 350  0 181.9
2000 351  0 184.4
2000 352  0 190.4
2000 353  0 191.6
2000 354  0 192.2
2000 355  0 194.8
2000 356  0 188.2
2000 357  0 183.8
2000 358  0 184.7
2000 359  0 186.7
2000 360  0 180.9
2000 361  0 182.6
2000 362  0 181.4
2000 363  0 179.3
2000 364  0 175.5
2000 365  0 176.1
2000 366  0 163.9
2001   1  0 165.3
2001   2  0 170.2
2001   3  0 164.2
2001   4  0 168.8
2001   5  0 170.5
2001   6  0 173.4
2001   7  0 170.9
2001   8  0 161.5
2001   9  0 160.8
2001  10  0 157.4
2001  11  0 160.5
2001  12  0 172.5
2001  13  0 178.3
2001  14  0 170.6
2001  15  0 163.8
2001  16  0 156.6
2001  17  0 147.0
2001  18  0 146.6
2001  19  0 147.7
2001  20  0 148.3
2001  21  0 146.7
2001  22  0 157.1
2001  23  0 162.0
2001  24  0 167.2
2001  25  0 163.4
2001  26  0 160.5
2001  27  0 161.8
2001  28  0 162.6
2001  29  0 160.5
2001  30  0 154.9
2001  31  0 148.8
2001  32  0 156.2
2001  33  0 161.6
2001  34  0 159.0
2001  35  0 144.0
2001  36  0 160.7
2001  37  0 165.3
2001  38  0 159.6
2001  39  0 152.3
2001  40  0 158.1
2001  41  0 156.5
2001  42  0 147.4
2001  43  0 140.9
2001  44  0 137.8
2001  45  0 134.6
2001  46  0 131.8
2001  47  0 126.5
2001  48  0 126.8
2001  49  0 129.0
2001  50  0 134.0
2001  51  0 142.3
2001  52  0 140.5
2001  53  0 142.7
2001  54  0 142.2
2001  55  0 134.6
2001  56  0 132.2
2001  57  0 132.8
2001  58  0 128.1
2001  59  0 129.4
2001  60  0 129.0
2001  61  0 127.4
2001  62  0 137.3
2001  63  0 138.7
2001  64  0 153.4
2001  65  0 155.4
2001  66  0 174.0
2001  67  0 164.8
2001  68  0 159.2
2001  69  0 158.0
2001  70  0 155.8
2001  71  0 155.7
2001  72  0 145.6
2001  73  0 140.7
2001  74  0 134.7
2001  75  0 138.5
2001  76  0 132.9
2001  77  0 138.5
2001  78  0 145.7
2001  79  0 152.1
2001  80  0 158.2
2001  81  0 181.8
2001  82  0 178.9
2001  83  0 217.5
2001  84  0 215.7
2001  85  0 262.6
2001  86  0 272.4
2001  87  0 272.6
2001  88  0 261.0
2001  89  0 256.3
2001  90  0 245.3
2001  91  0 257.2
2001  92  0 227.9
2001  93  0 223.1
2001  94  0 205.0
2001  95  0 207.8
2001  96  0 192.0
2001  97  0 180.0
2001  98  0 169.7
2001  99  0 165.4
2001 100  0 170.4
2001 101  0 160.3
2001 102  0 149.8
2001 103  0 137.8
2001 104  0 139.6
2001 105  0 135.1
2001 106  0 124.3
2001 107  0 127.1
2001 108  0 133.0
2001 109  0 145.8
2001 110  0 182.2
2001 111  0 193.0
2001 112  0 194.6
2001 113  0 198.6
2001 114  0 195.8
2001 115  0 196.3
2001 116  0 198.7
2001 117  0 193.3
2001 118  0 190.4
2001 119  0 194.5
2001 120  0 190.7
2001 121  0 187.4
2001 122  0 179.0
2001 123  0 175.1
2001 124  0 178.6
2001 125  0 163.5
2001 126  0 157.8
2001 127  0 140.9
2001 128  0 131.1
2001 129  0 131.9
2001 130  0 133.0
2001 131  0 139.4
2001 132  0 141.0
2001 133  0 141.9
2001 134  0 141.2
2001 135  0 145.2
2001 136  0 140.9
2001 137  0 150.8
2001 138  0 141.5
2001 139  0 144.6
2001 140  0 144.9
2001 141  0 153.8
2001 142  0 155.8
2001 143  0 162.8
2001 144  0 174.7
2001 145  0 166.1
2001 146  0 151.3
2001 147  0 150.8
2001 148  0 146.9
2001 149  0 142.3
2001 150  0 136.0
2001 151  0 136.6
2001 152  0 136.8
2001 153  0 137.8
2001 154  0 149.5
2001 155  0 158.3
2001 156  0 158.0
2001 157  0 162.4
2001 158  0 169.8
2001 159  0 185.7
2001 160  0 182.4
2001 161  0 168.0
2001 162  0 167.4
2001 163  0 171.6
2001 164  0 187.1
2001 165  0 200.9
2001 166  0 203.2
2001 167  0 214.3
2001 168  0 211.2
2001 169  0 228.5
2001 170  0 201.7
2001 171  0 205.0
2001 172  0 206.9
2001 173  0 210.3
2001 174  0 213.0
2001 175  0 201.3
2001 176  0 188.4
2001 177  0 173.5
2001 178  0 152.8
2001 179  0 144.9
2001 180  0 144.6
2001 181  0 141.2
2001 182  0 140.0
2001 183  0 138.8
2001 184  0 136.3
2001 185  0 131.3
2001 186  0 123.6
2001 187  0 120.3
2001 188  0 121.8
2001 189  0 130.5
2001 190  0 134.4
2001 191  0 134.3
2001 192  0 136.3
2001 193  0 138.3
2001 194  0 137.7
2001 195  0 145.4
2001 196  0 146.8
2001 197  0 154.7
2001 198  0 150.4
2001 199  0 147.7
2001 200  0 146.9
2001 201  0 147.2
2001 202  0 143.5
2001 203  0 144.9
2001 204  0 147.8
2001 205  0 136.7
2001 206  0 137.5
2001 207  0 127.2
2001 208  0 125.1
2001 209  0 119.0
2001 210  0 120.5
2001 211  0 118.0
2001 212  0 120.3
2001 213  0 123.8
2001 214  0 124.3
2001 215  0 135.5
2001 216  0 152.7
2001 217  0 160.5
2001 218  0 168.3
2001 219  0 171.0
2001 220  0 171.5
2001 221  0 167.8
2001 222  0 164.7
2001 223  0 169.5
2001 224  0 164.0
2001 225  0 155.5
2001 226  0 151.1
2001 227  0 150.5
2001 228  0 146.2
2001 229  0 148.4
2001 230  0 159.9
2001 231  0 161.3
2001 232  0 159.8
2001 233  0 163.9
2001 234  0 165.2
2001 235  0 173.4
2001 236  0 178.7
2001 237  0 203.2
2001 238  0 193.8
2001 239  0 195.9
2001 240  0 203.1
2001 241  0 200.9
2001 242  0 203.0
2001 243  0 192.2
2001 244  0 187.4
2001 245  0 185.7
2001 246  0 202.1
2001 247  0 222.1
2001 248  0 221.8
2001 249  0 225.6
2001 250  0 229.5
2001 251  0 253.1
2001 252  0 239.5
2001 253  0 247.8
2001 254  0 252.9
2001 255  0 238.1
2001 256  0 242.6
2001 257  0 239.3
2001 258  0 221.7
2001 259  0 209.3
2001 260  0 201.1
2001 261  0 205.7
2001 262  0 200.6
2001 263  0 228.7
2001 264  0 240.5
2001 265  0 257.0
2001 266  0 260.2
2001 267  0 281.0
2001 268  0 276.6
2001 269  0 284.0
2001 270  0 270.6
2001 271  0 285.5
2001 272  0 240.2
2001 273  0 236.3
2001 274  0 216.9
2001 275  0 201.1
2001 276  0 191.8
2001 277  0 186.5
2001 278  0 176.8
2001 279  0 180.2
2001 280  0 172.4
2001 281  0 170.8
2001 282  0 175.9
2001 283  0 178.1
2001 284  0 174.1
2001 285  0 178.5
2001 286  0 178.6
2001 287  0 190.8
2001 288  0 191.7
2001 289  0 205.8
2001 290  0 215.8
2001 291  0 226.9
2001 292  0 245.6
2001 293  0 242.5
2001 294  0 222.0
2001 295  0 230.4
2001 296  0 224.1
2001 297  0 236.0
2001 298  0 236.1
2001 299  0 233.6
2001 300  0 243.4
2001 301  0 224.2
2001 302  0 212.8
2001 303  0 222.7
2001 304  0 217.8
2001 305  0 232.0
2001 306  0 210.1
2001 307  0 212.5
2001 308  0 223.5
2001 309  0 230.6
2001 310  0 233.2
2001 311  0 263.9
2001 312  0 243.1
2001 313  0 265.6
2001 314  0 241.0
2001 315  0 229.3
2001 316  0 222.6
2001 317  0 226.8
2001 318  0 212.6
2001 319  0 202.4
2001 320  0 197.6
2001 321  0 194.0
2001 322  0 183.8
2001 323  0 186.8
2001 324  0 180.6
2001 325  0 179.7
2001 326  0 185.3
2001 327  0 172.9
2001 328  0 168.6
2001 329  0 165.6
2001 330  0 170.3
2001 331  0 185.3
2001 332  0 193.1
2001 333  0 210.5
2001 334  0 219.6
2001 335  0 215.1
2001 336  0 238.1
2001 337  0 228.3
2001 338  0 226.6
2001 339  0 230.1
2001 340  0 239.5
2001 341  0 219.3
2001 342  0 213.9
2001 343  0 217.5
2001 344  0 212.3
2001 345  0 213.9
2001 346  0 229.4
2001 347  0 213.4
2001 348  0 209.9
2001 349  0 211.0
2001 350  0 202.5
2001 351  0 199.0
2001 352  0 205.0
2001 353  0 201.6
2001 354  0 214.0
2001 355  0 226.7
2001 356  0 234.9
2001 357  0 246.3
2001 358  0 265.5
2001 359  0 250.3
2001 360  0 259.0
2001 361  0 265.6
2001 362  0 254.6
2001 363  0 255.7
2001 364  0 238.5
2001 365  0 237.5
2002   1  0 224.5
2002   2  0 223.5
2002   3  0 213.0
2002   4  0 211.0
2002   5  0 205.2
2002   6  0 190.1
2002   7  0 182.4
2002   8  0 192.6
2002   9  0 220.9
2002  10  0 217.3
2002  11  0 221.4
2002  12  0 225.7
2002  13  0 232.9
2002  14  0 221.6
2002  15  0 211.2
2002  16  0 209.1
2002  17  0 205.0
2002  18  0 203.8
2002  19  0 206.9
2002  20  0 215.2
2002  21  0 217.5
2002  22  0 221.5
2002  23  0 219.4
2002  24  0 223.6
2002  25  0 227.6
2002  26  0 248.7
2002  27  0 240.5
2002  28  0 252.0
2002  29  0 253.2
2002  30  0 248.8
2002  31  0 235.5
2002  32  0 238.5
2002  33  0 233.7
2002  34  0 226.3
2002  35  0 228.1
2002  36  0 214.5
2002  37  0 196.9
2002  38  0 186.6
2002  39  0 186.4
2002  40  0 194.1
2002  41  0 210.9
2002  42  0 196.6
2002  43  0 203.1
2002  44  0 198.5
2002  45  0 191.3
2002  46  0 190.3
2002  47  0 188.9
2002  48  0 192.0
2002  49  0 188.4
2002  50  0 185.1
2002  51  0 189.1
2002  52  0 196.7
2002  53  0 187.9
2002  54  0 184.2
2002  55  0 188.9
2002  56  0 206.4
2002  57  0 203.5
2002  58  0 194.9
2002  59  0 200.4
2002  60  0 184.3
2002  61  0 187.6
2002  62  0 179.6
2002  63  0 172.0
2002  64  0 169.4
2002  65  0 175.0
2002  66  0 177.0
2002  67  0 174.2
2002  68  0 204.8
2002  69  0 176.9
2002  70  0 180.0
2002  71  0 176.2
2002  72  0 182.1
2002  73  0 178.6
2002  74  0 174.0
2002  75  0 182.7
2002  76  0 182.7
2002  77  0 176.5
2002  78  0 173.3
2002  79  0 186.3
2002  80  0 172.8
2002  81  0 170.4
2002  82  0 169.4
2002  83  0 174.3
2002  84  0 169.1
2002  85  0 164.9
2002  86  0 168.4
2002  87  0 175.6
2002  88  0 180.8
2002  89  0 188.2
2002  90  0 204.0
2002  91  0 206.7
2002  92  0 205.9
2002  93  0 209.4
2002  94  0 216.3
2002  95  0 217.6
2002  96  0 206.7
2002  97  0 208.4
2002  98  0 206.8
2002  99  0 205.8
2002 100  0 195.1
2002 101  0 198.3
2002 102  0 213.0
2002 103  0 227.3
2002 104  0 211.6
2002 105  0 204.7
2002 106  0 197.2
2002 107  0 195.0
2002 108  0 189.8
2002 109  0 181.4
2002 110  0 179.0
2002 111  0 175.1
2002 112  0 171.7
2002 113  0 177.2
2002 114  0 178.9
2002 115  0 169.3
2002 116  0 164.7
2002 117  0 159.0
2002 118  0 149.2
2002 119  0 155.2
2002 120  0 155.6
2002 121  0 164.9
2002 122  0 171.7
2002 123  0 182.0
2002 124  0 192.7
2002 125  0 183.2
2002 126  0 194.3
2002 127  0 190.3
2002 128  0 190.2
2002 129  0 193.7
2002 130  0 194.8
2002 131  0 191.8
2002 132  0 187.1
2002 133  0 175.6
2002 134  0 164.2
2002 135  0 162.7
2002 136  0 162.0
2002 137  0 160.7
2002 138  0 166.8
2002 139  0 175.0
2002 140  0 175.4
2002 141  0 190.4
2002 142  0 185.6
2002 143  0 184.8
2002 144  0 193.9
2002 145  0 187.4
2002 146  0 188.0
2002 147  0 191.6
2002 148  0 191.4
2002 149  0 189.8
2002 150  0 185.1
2002 151  0 187.0
2002 152  0 183.9
2002 153  0 180.0
2002 154  0 175.4
2002 155  0 174.7
2002 156  0 163.7
2002 157  0 159.1
2002 158  0 163.1
2002 159  0 159.9
2002 160  0 161.9
2002 161  0 156.2
2002 162  0 152.4
2002 163  0 146.2
2002 164  0 137.6
2002 165  0 135.6
2002 166  0 139.7
2002 167  0 141.0
2002 168  0 147.5
2002 169  0 147.5
2002 170  0 150.5
2002 171  0 149.8
2002 172  0 144.2
2002 173  0 146.6
2002 174  0 147.5
2002 175  0 155.3
2002 176  0 149.5
2002 177  0 148.6
2002 178  0 143.2
2002 179  0 141.9
2002 180  0 147.5
2002 181  0 151.4
2002 182  0 152.3
2002 183  0 153.5
2002 184  0 152.4
2002 185  0 151.3
2002 186  0 143.5
2002 187  0 138.0
2002 188  0 141.5
2002 189  0 135.3
2002 190  0 140.9
2002 191  0 133.1
2002 192  0 141.0
2002 193  0 137.7
2002 194  0 139.4
2002 195  0 148.6
2002 196  0 164.8
2002 197  0 177.2
2002 198  0 185.9
2002 199  0 186.6
2002 200  0 188.3
2002 201  0 190.7
2002 202  0 188.7
2002 203  0 195.8
2002 204  0 204.6
2002 205  0 215.0
2002 206  0 224.5
2002 207  0 249.1
2002 208  0 238.0
2002 209  0 246.2
2002 210  0 241.1
2002 211  0 234.1
2002 212  0 214.8
2002 213  0 188.3
2002 214  0 185.7
2002 215  0 172.7
2002 216  0 155.3
2002 217  0 146.0
2002 218  0 148.8
2002 219  0 140.1
2002 220  0 138.3
2002 221  0 144.0
2002 222  0 152.4
2002 223  0 176.9
2002 224  0 188.8
2002 225  0 196.8
2002 226  0 213.5
2002 227  0 215.7
2002 228  0 219.1
2002 229  0 232.3
2002 230  0 246.9
2002 231  0 242.6
2002 232  0 232.8
2002 233  0 225.0
2002 234  0 225.1
2002 235  0 229.5
2002 236  0 199.8
2002 237  0 182.4
2002 238  0 172.2
2002 239  0 164.7
2002 240  0 166.4
2002 241  0 172.6
2002 242  0 173.5
2002 243  0 183.7
2002 244  0 183.8
2002 245  0 176.9
2002 246  0 174.4
2002 247  0 174.2
2002 248  0 178.1
2002 249  0 180.9
2002 250  0 185.6
2002 251  0 194.4
2002 252  0 209.0
2002 253  0 223.5
2002 254  0 219.0
2002 255  0 215.1
2002 256  0 208.6
2002 257  0 209.2
2002 258  0 189.9
2002 259  0 184.5
2002 260  0 195.9
2002 261  0 178.4
2002 262  0 166.7
2002 263  0 165.8
2002 264  0 159.8
2002 265  0 161.1
2002 266  0 154.8
2002 267  0 158.9
2002 268  0 154.2
2002 269  0 150.6
2002 270  0 152.2
2002 271  0 149.1
2002 272  0 138.6
2002 273  0 140.1
2002 274  0 140.1
2002 275  0 136.0
2002 276  0 146.1
2002 277  0 157.6
2002 278  0 155.1
2002 279  0 161.6
2002 280  0 163.5
2002 281  0 165.1
2002 282  0 166.8
2002 283  0 171.4
2002 284  0 178.7
2002 285  0 179.7
2002 286  0 178.3
2002 287  0 180.2
2002 288  0 175.7
2002 289  0 181.4
2002 290  0 177.7
2002 291  0 171.3
2002 292  0 178.1
2002 293  0 178.7
2002 294  0 180.8
2002 295  0 167.7
2002 296  0 161.9
2002 297  0 158.5
2002 298  0 170.9
2002 299  0 156.1
2002 300  0 155.2
2002 301  0 156.3
2002 302  0 159.4
2002 303  0 165.3
2002 304  0 167.7
2002 305  0 159.7
2002 306  0 162.1
2002 307  0 166.5
2002 308  0 174.4
2002 309  0 180.0
2002 310  0 181.2
2002 311  0 186.4
2002 312  0 185.5
2002 313  0 187.0
2002 314  0 187.7
2002 315  0 181.0
2002 316  0 174.6
2002 317  0 178.6
2002 318  0 180.2
2002 319  0 193.2
2002 320  0 194.8
2002 321  0 180.5
2002 322  0 174.8
2002 323  0 164.3
2002 324  0 155.3
2002 325  0 147.2
2002 326  0 145.5
2002 327  0 143.8
2002 328  0 142.5
2002 329  0 133.2
2002 330  0 138.5
2002 331  0 138.8
2002 332  0 136.0
2002 333  0 137.5
2002 334  0 142.1
2002 335  0 145.5
2002 336  0 142.0
2002 337  0 141.8
2002 338  0 144.5
2002 339  0 144.4
2002 340  0 143.9
2002 341  0 146.6
2002 342  0 149.8
2002 343  0 151.6
2002 344  0 156.5
2002 345  0 147.7
2002 346  0 148.4
2002 347  0 161.8
2002 348  0 180.1
2002 349  0 196.6
2002 350  0 196.5
2002 351  0 205.8
2002 352  0 190.6
2002 353  0 186.7
2002 354  0 190.3
2002 355  0 177.9
2002 356  0 166.4
2002 357  0 153.7
2002 358  0 142.5
2002 359  0 127.6
2002 360  0 123.2
2002 361  0 112.7
2002 362  0 113.1
2002 363  0 111.0
2002 364  0 110.1
2002 365  0 111.3
2003   1  0 111.2
2003   2  0 114.4
2003   3  0 133.1
2003   4  0 138.2
2003   5  0 143.2
2003   6  0 156.8
2003   7  0 157.8
2003   8  0 168.0
2003   9  0 176.9
2003  10  0 178.7
2003  11  0 182.6
2003  12  0 167.7
2003  13  0 166.2
2003  14  0 158.6
2003  15  0 145.0
2003  16  0 139.9
2003  17  0 137.1
2003  18  0 133.0
2003  19  0 126.1
2003  20  0 133.7
2003  21  0 129.4
2003  22  0 125.4
2003  23  0 131.6
2003  24  0 125.8
2003  25  0 124.9
2003  26  0 121.2
2003  27  0 117.7
2003  28  0 121.8
2003  29  0 120.7
2003  30  0 117.6
2003  31  0 116.9
2003  32  0 122.1
2003  33  0 123.0
2003  34  0 128.7
2003  35  0 131.0
2003  36  0 136.2
2003  37  0 145.4
2003  38  0 143.3
2003  39  0 135.4
2003  40  0 137.6
2003  41  0 132.6
2003  42  0 131.4
2003  43  0 128.2
2003  44  0 127.3
2003  45  0 128.1
2003  46  0 120.6
2003  47  0 115.7
2003  48  0 109.4
2003  49  0 107.4
2003  50  0 113.6
2003  51  0 115.7
2003  52  0 117.0
2003  53  0 104.3
2003  54  0 101.8
2003  55  0  99.9
2003  56  0  99.5
2003  57  0 107.2
2003  58  0 115.4
2003  59  0 122.6
2003  60  0 135.6
2003  61  0 144.7
2003  62  0 146.5
2003  63  0 143.6
2003  64  0 146.2
2003  65  0 147.9
2003  66  0 147.6
2003  67  0 146.2
2003  68  0 150.6
2003  69  0 141.7
2003  70  0 139.7
2003  71  0 136.2
2003  72  0 132.5
2003  73  0 137.3
2003  74  0 129.3
2003  75  0 127.2
2003  76  0 123.1
2003  77  0 117.3
2003  78  0 107.2
2003  79  0  96.6
2003  80  0  90.3
2003  81  0  88.3
2003  82  0  92.4
2003  83  0  97.3
2003  84  0 108.2
2003  85  0 126.6
2003  86  0 140.5
2003  87  0 146.4
2003  88  0 154.6
2003  89  0 154.2
2003  90  0 159.8
2003  91  0 152.8
2003  92  0 157.3
2003  93  0 155.7
2003  94  0 148.8
2003  95  0 137.5
2003  96  0 126.1
2003  97  0 115.9
2003  98  0 112.6
2003  99  0 109.7
2003 100  0 104.1
2003 101  0 103.0
2003 102  0 102.6
2003 103  0 103.0
2003 104  0 102.6
2003 105  0 101.1
2003 106  0  99.2
2003 107  0 101.8
2003 108  0 108.7
2003 109  0 113.1
2003 110  0 119.7
2003 111  0 127.0
2003 112  0 133.8
2003 113  0 134.3
2003 114  0 129.8
2003 115  0 145.3
2003 116  0 145.5
2003 117  0 156.1
2003 118  0 154.3
2003 119  0 157.4
2003 120  0 155.8
2003 121  0 151.0
2003 122  0 145.3
2003 123  0 150.1
2003 124  0 144.4
2003 125  0 131.1
2003 126  0 124.1
2003 127  0 112.2
2003 128  0 102.8
2003 129  0  98.9
2003 130  0  94.5
2003 131  0  93.4
2003 132  0  95.8
2003 133  0  98.1
2003 134  0  98.3
2003 135  0 101.4
2003 136  0 104.9
2003 137  0 104.7
2003 138  0 111.5
2003 139  0 117.4
2003 140  0 120.0
2003 141  0 122.2
2003 142  0 121.3
2003 143  0 120.9
2003 144  0 119.8
2003 145  0 124.3
2003 146  0 128.4
2003 147  0 132.3
2003 148  0 133.7
2003 149  0 141.6
2003 150  0 120.4
2003 151  0 116.3
2003 152  0 115.5
2003 153  0 124.8
2003 154  0 117.8
2003 155  0 108.7
2003 156  0 117.0
2003 157  0 129.4
2003 158  0 137.2
2003 159  0 158.0
2003 160  0 163.1
2003 161  0 182.0
2003 162  0 198.9
2003 163  0 168.6
2003 164  0 155.8
2003 165  0 137.7
2003 166  0 132.8
2003 167  0 126.5
2003 168  0 125.8
2003 169  0 124.3
2003 170  0 126.8
2003 171  0 120.8
2003 172  0 118.8
2003 173  0 113.9
2003 174  0 117.2
2003 175  0 118.3
2003 176  0 120.2
2003 177  0 122.9
2003 178  0 128.1
2003 179  0 128.1
2003 180  0 131.6
2003 181  0 132.5
2003 182  0 135.6
2003 183  0 139.3
2003 184  0 136.7
2003 185  0 144.8
2003 186  0 146.7
2003 187  0 134.0
2003 188  0 137.8
2003 189  0 135.7
2003 190  0 130.2
2003 191  0 126.9
2003 192  0 126.1
2003 193  0 125.5
2003 194  0 130.7
2003 195  0 131.4
2003 196  0 129.9
2003 197  0 137.5
2003 198  0 143.2
2003 199  0 144.3
2003 200  0 150.8
2003 201  0 162.4
2003 202  0 160.7
2003 203  0 157.4
2003 204  0 148.7
2003 205  0 129.2
2003 206  0 115.1
2003 207  0 105.9
2003 208  0 104.9
2003 209  0 106.6
2003 210  0 103.0
2003 211  0 101.7
2003 212  0 105.2
2003 213  0 110.6
2003 214  0 114.7
2003 215  0 123.6
2003 216  0 126.0
2003 217  0 134.4
2003 218  0 132.4
2003 219  0 140.9
2003 220  0 136.6
2003 221  0 133.6
2003 222  0 134.7
2003 223  0 132.7
2003 224  0 126.6
2003 225  0 134.3
2003 226  0 133.1
2003 227  0 134.7
2003 228  0 130.1
2003 229  0 122.3
2003 230  0 118.7
2003 231  0 119.5
2003 232  0 114.5
2003 233  0 122.0
2003 234  0 123.7
2003 235  0 122.9
2003 236  0 119.0
2003 237  0 119.0
2003 238  0 123.4
2003 239  0 128.3
2003 240  0 121.1
2003 241  0 118.7
2003 242  0 116.2
2003 243  0 111.8
2003 244  0 110.1
2003 245  0 107.6
2003 246  0 112.4
2003 247  0 114.1
2003 248  0 109.8
2003 249  0 106.6
2003 250  0 109.4
2003 251  0 100.3
2003 252  0  97.3
2003 253  0 100.6
2003 254  0  98.0
2003 255  0  95.6
2003 256  0  97.3
2003 257  0  95.8
2003 258  0  98.4
2003 259  0 100.4
2003 260  0 107.0
2003 261  0 110.2
2003 262  0 112.1
2003 263  0 112.9
2003 264  0 120.9
2003 265  0 123.5
2003 266  0 125.7
2003 267  0 134.3
2003 268  0 133.4
2003 269  0 131.8
2003 270  0 130.3
2003 271  0 137.6
2003 272  0 135.6
2003 273  0 133.3
2003 274  0 137.1
2003 275  0 125.0
2003 276  0 120.3
2003 277  0 119.0
2003 278  0 109.6
2003 279  0 112.0
2003 280  0 111.8
2003 281  0 113.1
2003 282  0 110.5
2003 283  0 111.4
2003 284  0 105.4
2003 285  0  97.4
2003 286  0  94.0
2003 287  0  91.9
2003 288  0  95.3
2003 289  0  94.6
2003 290  0  98.1
2003 291  0 107.8
2003 292  0 119.4
2003 293  0 133.9
2003 294  0 150.2
2003 295  0 152.0
2003 296  0 181.3
2003 297  0 188.5
2003 298  0 219.0
2003 299  0 240.6
2003 300  0 254.0
2003 301  0 270.9
2003 302  0 275.4
2003 303  0 267.6
2003 304  0 245.2
2003 305  0 207.2
2003 306  0 187.4
2003 307  0 164.2
2003 308  0 165.6
2003 309  0 112.1
2003 310  0  96.1
2003 311  0  89.4
2003 312  0  91.0
2003 313  0  91.2
2003 314  0  92.8
2003 315  0  93.7
2003 316  0  96.7
2003 317  0 100.0
2003 318  0  96.8
2003 319  0  95.6
2003 320  0 102.0
2003 321  0 118.2
2003 322  0 141.0
2003 323  0 151.5
2003 324  0 171.0
2003 325  0 172.8
2003 326  0 171.9
2003 327  0 173.8
2003 328  0 172.8
2003 329  0 166.3
2003 330  0 166.5
2003 331  0 170.1
2003 332  0 163.2
2003 333  0 161.4
2003 334  0 148.6
2003 335  0 139.3
2003 336  0 135.4
2003 337  0 120.3
2003 338  0 112.5
2003 339  0 108.5
2003 340  0 105.7
2003 341  0  89.3
2003 342  0  90.9
2003 343  0  89.4
2003 344  0  86.5
2003 345  0  83.4
2003 346  0  84.5
2003 347  0  85.0
2003 348  0  89.5
2003 349  0  97.7
2003 350  0 103.0
2003 351  0 113.8
2003 352  0 119.1
2003 353  0 118.6
2003 354  0 125.9
2003 355  0 129.1
2003 356  0 133.2
2003 357  0 137.4
2003 358  0 134.4
2003 359  0 134.6
2003 360  0 132.7
2003 361  0 122.4
2003 362  0 115.1
2003 363  0 110.7
2003 364  0 104.2
2003 365  0 102.1
2004   1  0 112.2
2004   2  0 112.6
2004   3  0 112.3
2004   4  0 115.5
2004   5  0 119.0
2004   6  0 113.4
2004   7  0 114.9
2004   8  0 116.1
2004   9  0 114.4
2004  10  0 115.3
2004  11  0 114.6
2004  12  0 114.4
2004  13  0 114.1
2004  14  0 117.1
2004  15  0 115.2
2004  16  0 116.4
2004  17  0 118.6
2004  18  0 115.6
2004  19  0 130.3
2004  20  0 124.8
2004  21  0 126.0
2004  22  0 117.9
2004  23  0 111.6
2004  24  0 104.1
2004  25  0  99.1
2004  26  0  95.0
2004  27  0  90.8
2004  28  0  85.9
2004  29  0  84.8
2004  30  0  89.9
2004  31  0  91.6
2004  32  0  94.5
2004  33  0  98.5
2004  34  0  96.6
2004  35  0  98.6
2004  36  0 102.5
2004  37  0 103.7
2004  38  0 108.1
2004  39  0 113.1
2004  40  0 114.7
2004  41  0 113.5
2004  42  0 111.2
2004  43  0 109.3
2004  44  0 105.1
2004  45  0 101.1
2004  46  0  99.6
2004  47  0  96.3
2004  48  0  99.5
2004  49  0  95.4
2004  50  0  94.2
2004  51  0  93.2
2004  52  0  96.0
2004  53  0 101.7
2004  54  0 102.1
2004  55  0 103.4
2004  56  0 116.1
2004  57  0 118.4
2004  58  0 119.8
2004  59  0 113.6
2004  60  0 108.0
2004  61  0 100.0
2004  62  0  97.1
2004  63  0  88.9
2004  64  0  95.9
2004  65  0 105.0
2004  66  0 102.9
2004  67  0 104.6
2004  68  0 106.3
2004  69  0 107.2
2004  70  0 111.1
2004  71  0 111.7
2004  72  0 106.2
2004  73  0 102.6
2004  74  0 101.3
2004  75  0 100.3
2004  76  0 108.5
2004  77  0 108.8
2004  78  0 114.4
2004  79  0 111.3
2004  80  0 112.7
2004  81  0 110.4
2004  82  0 115.6
2004  83  0 117.6
2004  84  0 119.0
2004  85  0 126.4
2004  86  0 123.2
2004  87  0 127.2
2004  88  0 128.6
2004  89  0 128.3
2004  90  0 126.4
2004  91  0 121.0
2004  92  0 112.6
2004  93  0 108.1
2004  94  0 107.4
2004  95  0 109.0
2004  96  0 108.9
2004  97  0 101.6
2004  98  0  98.4
2004  99  0  93.8
2004 100  0  90.3
2004 101  0  88.1
2004 102  0  90.0
2004 103  0  91.8
2004 104  0  93.6
2004 105  0  95.8
2004 106  0  97.4
2004 107  0  97.6
2004 108  0  99.0
2004 109  0 110.0
2004 110  0 114.5
2004 111  0 111.8
2004 112  0 113.9
2004 113  0 118.4
2004 114  0 116.6
2004 115  0 112.9
2004 116  0 108.4
2004 117  0 100.9
2004 118  0  96.4
2004 119  0  90.7
2004 120  0  89.8
2004 121  0  90.8
2004 122  0  95.7
2004 123  0  99.1
2004 124  0  92.8
2004 125  0  88.9
2004 126  0  90.1
2004 127  0  88.0
2004 128  0  86.8
2004 129  0  88.9
2004 130  0  95.0
2004 131  0  94.8
2004 132  0  92.0
2004 133  0 100.9
2004 134  0 103.0
2004 135  0 112.1
2004 136  0 117.9
2004 137  0 121.0
2004 138  0 113.7
2004 139  0 110.4
2004 140  0 111.4
2004 141  0 107.2
2004 142  0 109.6
2004 143  0 105.0
2004 144  0 106.6
2004 145  0 107.9
2004 146  0 105.1
2004 147  0 106.1
2004 148  0 104.6
2004 149  0 105.2
2004 150  0 104.0
2004 151  0 102.4
2004 152  0  98.1
2004 153  0  92.5
2004 154  0  93.0
2004 155  0  92.6
2004 156  0  92.0
2004 157  0  87.0
2004 158  0  91.0
2004 159  0  91.2
2004 160  0  88.6
2004 161  0  87.9
2004 162  0  85.0
2004 163  0  86.5
2004 164  0  90.7
2004 165  0  98.2
2004 166  0 103.1
2004 167  0 112.9
2004 168  0 115.1
2004 169  0 114.9
2004 170  0 111.3
2004 171  0 116.4
2004 172  0 123.0
2004 173  0 119.6
2004 174  0 120.5
2004 175  0 116.2
2004 176  0 111.9
2004 177  0 106.3
2004 178  0 102.2
2004 179  0 100.4
2004 180  0  92.4
2004 181  0  87.9
2004 182  0  84.5
2004 183  0  84.0
2004 184  0  83.4
2004 185  0  82.2
2004 186  0  82.1
2004 187  0  80.9
2004 188  0  81.6
2004 189  0  81.9
2004 190  0  84.6
2004 191  0  89.6
2004 192  0  96.4
2004 193  0 107.9
2004 194  0 129.2
2004 195  0 131.6
2004 196  0 142.6
2004 197  0 150.5
2004 198  0 151.3
2004 199  0 154.1
2004 200  0 160.2
2004 201  0 175.8
2004 202  0 180.8
2004 203  0 177.7
2004 204  0 178.4
2004 205  0 170.4
2004 206  0 151.8
2004 207  0 143.9
2004 208  0 132.0
2004 209  0 121.8
2004 210  0 103.8
2004 211  0 102.8
2004 212  0  91.4
2004 213  0  89.0
2004 214  0  85.8
2004 215  0  87.0
2004 216  0  90.1
2004 217  0  87.9
2004 218  0  91.5
2004 219  0  93.6
2004 220  0  97.3
2004 221  0 107.7
2004 222  0 117.0
2004 223  0 124.7
2004 224  0 134.3
2004 225  0 151.1
2004 226  0 152.5
2004 227  0 153.1
2004 228  0 142.4
2004 229  0 137.0
2004 230  0 138.3
2004 231  0 143.3
2004 232  0 123.5
2004 233  0 124.2
2004 234  0 122.8
2004 235  0 117.8
2004 236  0 111.9
2004 237  0 107.2
2004 238  0 102.5
2004 239  0  99.5
2004 240  0  92.3
2004 241  0  88.9
2004 242  0  87.7
2004 243  0  91.6
2004 244  0  89.7
2004 245  0  91.5
2004 246  0  95.6
2004 247  0  98.3
2004 248  0 100.9
2004 249  0 104.8
2004 250  0 108.2
2004 251  0 120.7
2004 252  0 126.3
2004 253  0 132.8
2004 254  0 131.8
2004 255  0 117.9
2004 256  0 116.0
2004 257  0 119.1
2004 258  0 116.0
2004 259  0 110.8
2004 260  0 109.4
2004 261  0 105.5
2004 262  0 103.6
2004 263  0 106.1
2004 264  0 101.3
2004 265  0  95.6
2004 266  0  92.0
2004 267  0  90.8
2004 268  0  89.9
2004 269  0  89.9
2004 270  0  89.9
2004 271  0  90.2
2004 272  0  90.2
2004 273  0  90.0
2004 274  0  88.4
2004 275  0  88.1
2004 276  0  88.1
2004 277  0  89.1
2004 278  0  90.7
2004 279  0  90.8
2004 280  0  92.0
2004 281  0  93.7
2004 282  0  90.4
2004 283  0  87.7
2004 284  0  88.7
2004 285  0  86.6
2004 286  0  87.2
2004 287  0  86.7
2004 288  0  90.2
2004 289  0  88.6
2004 290  0  91.1
2004 291  0  91.2
2004 292  0  95.5
2004 293  0  98.2
2004 294  0 110.3
2004 295  0 111.0
2004 296  0 121.2
2004 297  0 130.2
2004 298  0 138.7
2004 299  0 137.9
2004 300  0 135.0
2004 301  0 127.8
2004 302  0 134.0
2004 303  0 128.8
2004 304  0 134.4
2004 305  0 137.1
2004 306  0 133.4
2004 307  0 131.0
2004 308  0 133.7
2004 309  0 133.7
2004 310  0 138.8
2004 311  0 126.5
2004 312  0 127.2
2004 313  0 121.7
2004 314  0 138.1
2004 315  0 102.6
2004 316  0  93.0
2004 317  0  94.0
2004 318  0  94.4
2004 319  0  98.1
2004 320  0 103.3
2004 321  0 104.2
2004 322  0 102.5
2004 323  0 101.6
2004 324  0 100.9
2004 325  0  96.9
2004 326  0  98.5
2004 327  0 103.7
2004 328  0 104.2
2004 329  0 104.5
2004 330  0 106.6
2004 331  0 108.2
2004 332  0 107.4
2004 333  0 109.8
2004 334  0 108.4
2004 335  0 107.5
2004 336  0 107.8
2004 337  0 102.6
2004 338  0  97.9
2004 339  0  94.6
2004 340  0  93.1
2004 341  0  90.4
2004 342  0  87.1
2004 343  0  93.6
2004 344  0  84.7
2004 345  0  82.3
2004 346  0  87.1
2004 347  0  87.7
2004 348  0  87.0
2004 349  0  86.5
2004 350  0  86.5
2004 351  0 999.9
2004 352  0 999.9
2004 353  0 999.9
2004 354  0 999.9
2004 355  0 999.9
2004 356  0  97.7
2004 357  0  95.6
2004 358  0  93.2
2004 359  0  94.0
2004 360  0  90.0
2004 361  0  88.7
2004 362  0  93.7
2004 363  0 101.7
2004 364  0  95.3
2004 365  0  96.7
2004 366  0  95.2
2005   1  0  95.6
2005   2  0  96.7
2005   3  0  91.0
2005   4  0  85.1
2005   5  0  85.3
2005   6  0  80.4
2005   7  0  80.7
2005   8  0  85.6
2005   9  0  84.6
2005  10  0  87.1
2005  11  0  91.1
2005  12  0  98.8
2005  13  0 111.9
2005  14  0 125.6
2005  15  0 140.2
2005  16  0 139.8
2005  17  0 133.1
2005  18  0 120.3
2005  19  0 128.3
2005  20  0 118.8
2005  21  0 109.9
2005  22  0  99.1
2005  23  0  92.8
2005  24  0  91.7
2005  25  0  91.2
2005  26  0  86.6
2005  27  0  84.3
2005  28  0  82.4
2005  29  0  83.9
2005  30  0  82.9
2005  31  0  83.6
2005  32  0  81.3
2005  33  0  79.4
2005  34  0  80.7
2005  35  0  79.8
2005  36  0  92.0
2005  37  0  94.3
2005  38  0 100.3
2005  39  0 105.4
2005  40  0 105.8
2005  41  0 111.1
2005  42  0 111.2
2005  43  0 113.5
2005  44  0 112.7
2005  45  0 115.2
2005  46  0 118.7
2005  47  0 110.2
2005  48  0 108.8
2005  49  0 101.8
2005  50  0  96.3
2005  51  0  93.6
2005  52  0  92.5
2005  53  0  90.4
2005  54  0  82.8
2005  55  0  78.6
2005  56  0  76.7
2005  57  0  75.1
2005  58  0  74.4
2005  59  0  73.6
2005  60  0  72.4
2005  61  0  73.4
2005  62  0  75.7
2005  63  0  77.7
2005  64  0  79.9
2005  65  0  82.3
2005  66  0  85.7
2005  67  0  92.2
2005  68  0  98.5
2005  69  0 100.3
2005  70  0 103.6
2005  71  0 108.8
2005  72  0 112.5
2005  73  0 110.3
2005  74  0 107.0
2005  75  0 103.6
2005  76  0 100.4
2005  77  0  95.7
2005  78  0  92.2
2005  79  0  88.3
2005  80  0  89.1
2005  81  0  86.7
2005  82  0  87.1
2005  83  0  86.6
2005  84  0  81.7
2005  85  0  77.4
2005  86  0  78.1
2005  87  0  79.4
2005  88  0  78.6
2005  89  0  77.5
2005  90  0  76.5
2005  91  0  78.2
2005  92  0  80.2
2005  93  0  81.1
2005  94  0  84.9
2005  95  0  88.5
2005  96  0  88.2
2005  97  0  88.0
2005  98  0  87.9
2005  99  0  88.8
2005 100  0  88.6
2005 101  0  87.9
2005 102  0  85.3
2005 103  0  84.0
2005 104  0  86.0
2005 105  0  85.5
2005 106  0  83.6
2005 107  0  84.2
2005 108  0  82.0
2005 109  0  78.9
2005 110  0  77.8
2005 111  0  77.9
2005 112  0  78.1
2005 113  0  80.2
2005 114  0  83.2
2005 115  0  87.1
2005 116  0  92.1
2005 117  0  96.6
2005 118  0  99.4
2005 119  0 106.5
2005 120  0 108.0
2005 121  0 113.4
2005 122  0 114.0
2005 123  0 114.2
2005 124  0 110.6
2005 125  0 111.0
2005 126  0 112.4
2005 127  0 101.8
2005 128  0 103.2
2005 129  0 112.2
2005 130  0 121.6
2005 131  0 127.9
2005 132  0 119.9
2005 133  0 128.6
2005 134  0 101.7
2005 135  0 105.2
2005 136  0 101.4
2005 137  0  92.0
2005 138  0  85.8
2005 139  0  86.7
2005 140  0  85.6
2005 141  0  83.9
2005 142  0  84.2
2005 143  0  85.5
2005 144  0  87.4
2005 145  0  86.0
2005 146  0  92.8
2005 147  0  98.1
2005 148  0  95.1
2005 149  0  95.3
2005 150  0  97.5
2005 151  0  99.0
2005 152  0  96.9
2005 153  0  96.0
2005 154  0  98.0
2005 155  0  99.8
2005 156  0 108.6
2005 157  0 109.2
2005 158  0 112.4
2005 159  0 119.3
2005 160  0 119.7
2005 161  0 117.9
2005 162  0 111.4
2005 163  0 106.3
2005 164  0  94.7
2005 165  0  96.8
2005 166  0  97.5
2005 167  0 101.3
2005 168  0  93.7
2005 169  0  92.9
2005 170  0  89.8
2005 171  0  88.9
2005 172  0  85.5
2005 173  0  82.1
2005 174  0  80.1
2005 175  0  79.2
2005 176  0  79.3
2005 177  0  81.3
2005 178  0  80.0
2005 179  0  82.6
2005 180  0  91.9
2005 181  0 105.9
2005 182  0 118.5
2005 183  0 128.0
2005 184  0 134.1
2005 185  0 127.8
2005 186  0 131.0
2005 187  0 127.2
2005 188  0 129.1
2005 189  0 114.2
2005 190  0 110.2
2005 191  0 105.2
2005 192  0  96.4
2005 193  0  98.5
2005 194  0  94.8
2005 195  0  92.9
2005 196  0  90.1
2005 197  0  78.8
2005 198  0  76.5
2005 199  0  74.4
2005 200  0  73.5
2005 201  0  74.4
2005 202  0  75.2
2005 203  0  75.9
2005 204  0  82.7
2005 205  0  82.8
2005 206  0  86.5
2005 207  0  89.2
2005 208  0  93.4
2005 209  0  98.7
2005 210  0 106.9
2005 211  0 108.2
2005 212  0 113.1
2005 213  0 114.6
2005 214  0 113.5
2005 215  0 112.2
2005 216  0 109.2
2005 217  0 101.7
2005 218  0  96.1
2005 219  0  94.9
2005 220  0  88.9
2005 221  0  84.7
2005 222  0  78.3
2005 223  0  77.9
2005 224  0  78.3
2005 225  0  77.4
2005 226  0  76.7
2005 227  0  77.7
2005 228  0  77.7
2005 229  0  78.9
2005 230  0  84.7
2005 231  0  95.3
2005 232  0 100.4
2005 233  0 100.8
2005 234  0 107.2
2005 235  0 109.3
2005 236  0 100.7
2005 237  0  94.4
2005 238  0  95.2
2005 239  0  94.0
2005 240  0  91.6
2005 241  0  90.9
2005 242  0  87.6
2005 243  0  85.6
2005 244  0  80.6
2005 245  0  78.5
2005 246  0  75.4
2005 247  0  75.8
2005 248  0  76.2
2005 249  0  84.7
2005 250  0  93.6
2005 251  0  95.5
2005 252  0 100.6
2005 253  0 117.6
2005 254  0 111.1
2005 255  0 119.5
2005 256  0 115.0
2005 257  0 117.9
2005 258  0 120.6
2005 259  0 112.9
2005 260  0 104.9
2005 261  0 103.2
2005 262  0  91.9
2005 263  0  88.5
2005 264  0  86.7
2005 265  0  84.3
2005 266  0  83.3
2005 267  0  81.9
2005 268  0  81.4
2005 269  0  81.7
2005 270  0  77.2
2005 271  0  74.9
2005 272  0  74.0
2005 273  0  72.4
2005 274  0  72.3
2005 275  0  75.0
2005 276  0  74.4
2005 277  0  82.7
2005 278  0  81.3
2005 279  0  79.4
2005 280  0  78.7
2005 281  0  78.0
2005 282  0  78.7
2005 283  0  78.8
2005 284  0  77.3
2005 285  0  76.5
2005 286  0  77.6
2005 287  0  78.0
2005 288  0  79.1
2005 289  0  78.7
2005 290  0  77.5
2005 291  0  77.7
2005 292  0  77.2
2005 293  0  76.0
2005 294  0  74.6
2005 295  0  74.0
2005 296  0  73.4
2005 297  0  72.5
2005 298  0  72.1
2005 299  0  71.2
2005 300  0  70.7
2005 301  0  72.1
2005 302  0  73.1
2005 303  0  74.5
2005 304  0  76.7
2005 305  0  76.1
2005 306  0  76.8
2005 307  0  75.5
2005 308  0  76.1
2005 309  0  77.9
2005 310  0  80.3
2005 311  0  78.0
2005 312  0  77.9
2005 313  0  76.6
2005 314  0  76.4
2005 315  0  77.0
2005 316  0  81.4
2005 317  0  86.0
2005 318  0  90.4
2005 319  0  97.8
2005 320  0  91.8
2005 321  0  98.2
2005 322  0  98.8
2005 323  0  99.6
2005 324  0  94.1
2005 325  0  92.4
2005 326  0  90.3
2005 327  0  87.5
2005 328  0  84.4
2005 329  0  77.9
2005 330  0  78.7
2005 331  0  78.6
2005 332  0  79.7
2005 333  0  82.4
2005 334  0  92.0
2005 335  0  95.5
2005 336  0 103.3
2005 337  0  98.4
2005 338  0  92.5
2005 339  0  89.0
2005 340  0  86.5
2005 341  0  86.3
2005 342  0  86.9
2005 343  0  86.4
2005 344  0  88.7
2005 345  0  90.2
2005 346  0  85.6
2005 347  0  85.2
2005 348  0  86.8
2005 349  0  84.2
2005 350  0  83.1
2005 351  0  82.5
2005 352  0  82.8
2005 353  0  86.6
2005 354  0  84.9
2005 355  0  83.7
2005 356  0  84.8
2005 357  0  90.1
2005 358  0  88.9
2005 359  0  88.8
2005 360  0  89.5
2005 361  0  89.2
2005 362  0  86.1
2005 363  0  87.4
2005 364  0  86.9
2005 365  0  84.5
2006   1  0  84.5
2006   2  0  81.7
2006   3  0  82.1
2006   4  0  81.2
2006   5  0  80.6
2006   6  0  79.3
2006   7  0  76.6
2006   8  0  75.6
2006   9  0  75.0
2006  10  0  75.2
2006  11  0  74.7
2006  12  0  74.0
2006  13  0  74.0
2006  14  0  74.9
2006  15  0  78.3
2006  16  0  81.1
2006  17  0  79.8
2006  18  0  82.9
2006  19  0  85.8
2006  20  0  87.9
2006  21  0  90.9
2006  22  0  89.9
2006  23  0  89.6
2006  24  0  89.8
2006  25  0  86.3
2006  26  0  84.2
2006  27  0  81.0
2006  28  0  77.6
2006  29  0  77.2
2006  30  0  76.5
2006  31  0  75.3
2006  32  0  75.3
2006  33  0  75.1
2006  34  0  76.4
2006  35  0  74.9
2006  36  0  74.2
2006  37  0  72.9
2006  38  0  72.0
2006  39  0  72.0
2006  40  0  72.8
2006  41  0  73.2
2006  42  0  74.1
2006  43  0  74.1
2006  44  0  74.4
2006  45  0  75.4
2006  46  0  76.6
2006  47  0  77.3
2006  48  0  77.3
2006  49  0  76.7
2006  50  0  74.8
2006  51  0  74.5
2006  52  0  74.2
2006  53  0  74.4
2006  54  0  73.6
2006  55  0  74.4
2006  56  0  74.5
2006  57  0  75.0
2006  58  0  75.5
2006  59  0  75.7
2006  60  0  75.6
2006  61  0  74.7
2006  62  0  74.2
2006  63  0  73.8
2006  64  0  73.0
2006  65  0  72.5
2006  66  0  73.3
2006  67  0  71.3
2006  68  0  71.8
2006  69  0  71.2
2006  70  0  73.1
2006  71  0  72.3
2006  72  0  71.7
2006  73  0  72.8
2006  74  0  73.4
2006  75  0  71.7
2006  76  0  71.3
2006  77  0  71.7
2006  78  0  74.6
2006  79  0  76.2
2006  80  0  76.1
2006  81  0  75.4
2006  82  0  76.1
2006  83  0  75.4
2006  84  0  75.2
2006  85  0  73.3
2006  86  0  74.0
2006  87  0  79.0
2006  88  0  81.5
2006  89  0  83.7
2006  90  0  86.1
2006  91  0  86.9
2006  92  0  91.1
2006  93  0 100.4
2006  94  0  99.6
2006  95  0  99.1
2006  96  0  99.1
2006  97  0  94.7
2006  98  0  91.3
2006  99  0  89.5
2006 100  0  89.1
2006 101  0  90.1
2006 102  0  81.6
2006 103  0  80.5
2006 104  0  79.4
2006 105  0  78.9
2006 106  0  77.0
2006 107  0  78.5
2006 108  0  76.5
2006 109  0  76.5
2006 110  0  79.3
2006 111  0  80.0
2006 112  0  83.2
2006 113  0  87.7
2006 114  0  93.9
2006 115  0  96.3
2006 116  0 101.3
2006 117  0 102.0
2006 118  0 101.5
2006 119  0 102.7
2006 120  0 101.4
2006 121  0  94.8
2006 122  0  90.9
2006 123  0  90.4
2006 124  0  93.4
2006 125  0  88.2
2006 126  0  88.6
2006 127  0  87.8
2006 128  0  86.3
2006 129  0  84.2
2006 130  0  79.8
2006 131  0  77.9
2006 132  0  77.3
2006 133  0  75.0
2006 134  0  73.6
2006 135  0  73.2
2006 136  0  73.1
2006 137  0  73.6
2006 138  0  75.0
2006 139  0  77.1
2006 140  0  78.0
2006 141  0  79.4
2006 142  0  85.1
2006 143  0  86.3
2006 144  0  85.9
2006 145  0  85.9
2006 146  0  83.8
2006 147  0  85.2
2006 148  0  87.0
2006 149  0  83.3
2006 150  0  82.3
2006 151  0  80.6
2006 152  0  79.4
2006 153  0  77.5
2006 154  0  78.1
2006 155  0  77.8
2006 156  0  80.2
2006 157  0  80.3
2006 158  0  85.2
2006 159  0  82.5
2006 160  0  80.0
2006 161  0  78.5
2006 162  0  76.7
2006 163  0  76.5
2006 164  0  79.5
2006 165  0  77.7
2006 166  0  78.8
2006 167  0  77.7
2006 168  0  75.6
2006 169  0  75.7
2006 170  0  75.7
2006 171  0  75.3
2006 172  0  75.1
2006 173  0  74.4
2006 174  0  74.1
2006 175  0  76.1
2006 176  0  76.5
2006 177  0  79.0
2006 178  0  81.2
2006 179  0  86.3
2006 180  0  88.4
2006 181  0  89.0
2006 182  0  88.4
2006 183  0  90.0
2006 184  0  88.8
2006 185  0  95.1
2006 186  0  87.5
2006 187  0  87.9
2006 188  0  82.6
2006 189  0  80.0
2006 190  0  77.1
2006 191  0  75.2
2006 192  0  73.6
2006 193  0  72.9
2006 194  0  72.2
2006 195  0  73.3
2006 196  0  72.6
2006 197  0  73.2
2006 198  0  73.3
2006 199  0  73.6
2006 200  0  73.4
2006 201  0  74.5
2006 202  0  75.0
2006 203  0  75.9
2006 204  0  78.9
2006 205  0  79.5
2006 206  0  77.9
2006 207  0  77.0
2006 208  0  76.7
2006 209  0  74.9
2006 210  0  75.2
2006 211  0  76.2
2006 212  0  74.6
2006 213  0  74.9
2006 214  0  74.3
2006 215  0  73.4
2006 216  0  71.6
2006 217  0  71.5
2006 218  0  71.5
2006 219  0  71.8
2006 220  0  73.4
2006 221  0  76.1
2006 222  0  82.5
2006 223  0  86.2
2006 224  0  87.0
2006 225  0  88.1
2006 226  0  88.6
2006 227  0  87.8
2006 228  0 103.2
2006 229  0  88.0
2006 230  0  90.6
2006 231  0  90.9
2006 232  0  90.2
2006 233  0  89.8
2006 234  0  82.7
2006 235  0  80.1
2006 236  0  79.9
2006 237  0  78.9
2006 238  0  77.3
2006 239  0  80.2
2006 240  0  78.0
2006 241  0  74.4
2006 242  0  75.7
2006 243  0  84.7
2006 244  0  78.3
2006 245  0  76.9
2006 246  0  77.8
2006 247  0  80.3
2006 248  0  81.7
2006 249  0  85.3
2006 250  0  88.1
2006 251  0  88.5
2006 252  0  86.7
2006 253  0  88.5
2006 254  0  85.7
2006 255  0  85.1
2006 256  0  83.9
2006 257  0  83.8
2006 258  0  81.0
2006 259  0  80.1
2006 260  0  78.8
2006 261  0  75.1
2006 262  0  74.0
2006 263  0  71.5
2006 264  0  72.0
2006 265  0  72.9
2006 266  0  70.9
2006 267  0  70.3
2006 268  0  70.6
2006 269  0  71.0
2006 270  0  72.4
2006 271  0  73.3
2006 272  0  76.8
2006 273  0  77.9
2006 274  0  78.6
2006 275  0  78.0
2006 276  0  76.7
2006 277  0  76.7
2006 278  0  77.3
2006 279  0  76.3
2006 280  0  76.4
2006 281  0  75.1
2006 282  0  74.8
2006 283  0  75.0
2006 284  0  73.3
2006 285  0  73.3
2006 286  0  72.9
2006 287  0  72.0
2006 288  0  70.7
2006 289  0  69.1
2006 290  0  69.1
2006 291  0  69.0
2006 292  0  69.0
2006 293  0  70.4
2006 294  0  74.0
2006 295  0  75.1
2006 296  0  75.7
2006 297  0  74.0
2006 298  0  73.9
2006 299  0  71.0
2006 300  0  71.1
2006 301  0  73.7
2006 302  0  72.3
2006 303  0  74.6
2006 304  0  78.9
2006 305  0  85.3
2006 306  0  86.8
2006 307  0  86.0
2006 308  0  84.0
2006 309  0  83.2
2006 310  0  82.1
2006 311  0  85.6
2006 312  0  84.8
2006 313  0  87.7
2006 314  0  89.3
2006 315  0  95.0
2006 316  0  94.7
2006 317  0  93.2
2006 318  0  92.5
2006 319  0  94.0
2006 320  0  92.0
2006 321  0  87.4
2006 322  0  86.8
2006 323  0  82.9
2006 324  0  78.6
2006 325  0  75.6
2006 326  0  74.6
2006 327  0  74.9
2006 328  0  75.5
2006 329  0  76.5
2006 330  0  76.2
2006 331  0  80.2
2006 332  0  83.2
2006 333  0  82.7
2006 334  0  81.8
2006 335  0  81.8
2006 336  0  84.8
2006 337  0  84.6
2006 338  0  93.6
2006 339  0  99.4
2006 340  0  99.7
2006 341  0  92.9
2006 342  0  93.1
2006 343  0  89.6
2006 344  0  87.3
2006 345  0  89.4
2006 346  0  98.9
2006 347  0  90.7
2006 348  0  90.5
2006 349  0  84.4
2006 350  0  79.7
2006 351  0  78.7
2006 352  0  72.3
2006 353  0  70.6
2006 354  0  69.2
2006 355  0  70.0
2006 356  0  70.8
2006 357  0  70.3
2006 358  0  71.1
2006 359  0  73.9
2006 360  0  72.5
2006 361  0  70.9
2006 362  0  73.8
2006 363  0  75.8
2006 364  0  77.4
2006 365  0  80.5
2007   1  0  84.1
2007   2  0  87.0
2007   3  0  84.8
2007   4  0  86.4
2007   5  0  86.5
2007   6  0  84.4
2007   7  0  83.9
2007   8  0  85.1
2007   9  0  89.1
2007  10  0  83.3
2007  11  0  81.2
2007  12  0  81.0
2007  13  0  78.7
2007  14  0  79.4
2007  15  0  79.3
2007  16  0  76.1
2007  17  0  75.6
2007  18  0  74.4
2007  19  0  73.9
2007  20  0  76.3
2007  21  0  76.1
2007  22  0  76.0
2007  23  0  76.8
2007  24  0  77.9
2007  25  0  77.5
2007  26  0  77.3
2007  27  0  78.0
2007  28  0  79.3
2007  29  0  84.1
2007  30  0  84.9
2007  31  0  86.6
2007  32  0  87.3
2007  33  0  87.7
2007  34  0  84.8
2007  35  0  81.3
2007  36  0  80.7
2007  37  0  79.6
2007  38  0  79.8
2007  39  0  76.3
2007  40  0  74.6
2007  41  0  73.9
2007  42  0  72.8
2007  43  0  71.8
2007  44  0  70.9
2007  45  0  70.9
2007  46  0  71.8
2007  47  0  72.9
2007  48  0  73.5
2007  49  0  74.1
2007  50  0  73.2
2007  51  0  73.1
2007  52  0  73.2
2007  53  0  73.9
2007  54  0  73.6
2007  55  0  73.9
2007  56  0  75.1
2007  57  0  73.9
2007  58  0  73.4
2007  59  0  74.4
2007  60  0  73.4
2007  61  0  74.2
2007  62  0  72.0
2007  63  0  71.3
2007  64  0  70.8
2007  65  0  70.8
2007  66  0  71.8
2007  67  0  71.4
2007  68  0  70.6
2007  69  0  70.2
2007  70  0  70.1
2007  71  0  70.3
2007  72  0  70.6
2007  73  0  69.2
2007  74  0  68.5
2007  75  0  68.0
2007  76  0  68.6
2007  77  0  69.8
2007  78  0  69.5
2007  79  0  72.0
2007  80  0  72.3
2007  81  0  72.0
2007  82  0  72.0
2007  83  0  72.4
2007  84  0  73.3
2007  85  0  73.5
2007  86  0  73.0
2007  87  0  74.3
2007  88  0  73.6
2007  89  0  73.9
2007  90  0  73.1
2007  91  0  71.6
2007  92  0  71.1
2007  93  0  70.8
2007  94  0  70.8
2007  95  0  71.0
2007  96  0  71.1
2007  97  0  71.4
2007  98  0  71.3
2007  99  0  70.2
2007 100  0  69.7
2007 101  0  69.5
2007 102  0  68.6
2007 103  0  68.6
2007 104  0  68.6
2007 105  0  69.8
2007 106  0  69.8
2007 107  0  69.8
2007 108  0  69.3
2007 109  0  68.9
2007 110  0  69.1
2007 111  0  69.4
2007 112  0  69.7
2007 113  0  69.8
2007 114  0  74.0
2007 115  0  77.4
2007 116  0  81.5
2007 117  0  83.8
2007 118  0  86.1
2007 119  0  86.0
2007 120  0  88.2
2007 121  0  87.6
2007 122  0  88.8
2007 123  0  84.4
2007 124  0  83.9
2007 125  0  82.4
2007 126  0  79.4
2007 127  0  77.1
2007 128  0  74.7
2007 129  0  73.5
2007 130  0  72.6
2007 131  0  72.9
2007 132  0  72.9
2007 133  0  75.0
2007 134  0  74.4
2007 135  0  78.5
2007 136  0  78.9
2007 137  0  78.3
2007 138  0  77.6
2007 139  0  76.6
2007 140  0  75.9
2007 141  0  75.0
2007 142  0  73.7
2007 143  0  71.9
2007 144  0  71.7
2007 145  0  69.9
2007 146  0  69.5
2007 147  0  68.8
2007 148  0  70.5
2007 149  0  71.5
2007 150  0  72.6
2007 151  0  76.7
2007 152  0  81.6
2007 153  0  85.6
2007 154  0  89.5
2007 155  0  88.2
2007 156  0  83.6
2007 157  0  87.1
2007 158  0  88.1
2007 159  0  86.8
2007 160  0  81.0
2007 161  0  78.2
2007 162  0  75.6
2007 163  0  72.6
2007 164  0  73.1
2007 165  0  70.6
2007 166  0  71.3
2007 167  0  70.2
2007 168  0  68.9
2007 169  0  68.8
2007 170  0  68.5
2007 171  0  67.8
2007 172  0  67.6
2007 173  0  67.5
2007 174  0  68.1
2007 175  0  69.1
2007 176  0  69.8
2007 177  0  72.8
2007 178  0  75.7
2007 179  0  77.4
2007 180  0  77.8
2007 181  0  76.4
2007 182  0  76.8
2007 183  0  75.1
2007 184  0  74.2
2007 185  0  74.9
2007 186  0  73.9
2007 187  0  73.5
2007 188  0  75.5
2007 189  0  77.6
2007 190  0  79.7
2007 191  0  80.8
2007 192  0  81.1
2007 193  0  79.5
2007 194  0  80.6
2007 195  0  78.2
2007 196  0  77.1
2007 197  0  75.3
2007 198  0  74.7
2007 199  0  71.8
2007 200  0  70.5
2007 201  0  69.5
2007 202  0  68.6
2007 203  0  68.3
2007 204  0  69.3
2007 205  0  70.2
2007 206  0  70.8
2007 207  0  70.6
2007 208  0  70.9
2007 209  0  72.1
2007 210  0  71.1
2007 211  0  71.0
2007 212  0  70.1
2007 213  0  70.4
2007 214  0  71.5
2007 215  0  72.4
2007 216  0  71.4
2007 217  0  70.9
2007 218  0  72.0
2007 219  0  71.0
2007 220  0  71.0
2007 221  0  69.3
2007 222  0  69.3
2007 223  0  69.5
2007 224  0  70.0
2007 225  0  69.5
2007 226  0  70.3
2007 227  0  69.3
2007 228  0  69.0
2007 229  0  69.3
2007 230  0  69.6
2007 231  0  69.4
2007 232  0  70.7
2007 233  0  70.9
2007 234  0  71.6
2007 235  0  72.4
2007 236  0  73.2
2007 237  0  73.1
2007 238  0  71.6
2007 239  0  70.7
2007 240  0  71.6
2007 241  0  71.0
2007 242  0  73.0
2007 243  0  72.2
2007 244  0  72.1
2007 245  0  70.6
2007 246  0  69.1
2007 247  0  69.4
2007 248  0  68.8
2007 249  0  67.8
2007 250  0  68.2
2007 251  0  67.6
2007 252  0  67.7
2007 253  0  67.9
2007 254  0  67.0
2007 255  0  66.7
2007 256  0  67.2
2007 257  0  67.6
2007 258  0  68.5
2007 259  0  67.8
2007 260  0  67.6
2007 261  0  67.1
2007 262  0  67.4
2007 263  0  67.4
2007 264  0  67.4
2007 265  0  67.2
2007 266  0  66.8
2007 267  0  66.5
2007 268  0  66.6
2007 269  0  66.8
2007 270  0  67.4
2007 271  0  67.4
2007 272  0  67.8
2007 273  0  65.1
2007 274  0  67.8
2007 275  0  66.5
2007 276  0  67.3
2007 277  0  67.4
2007 278  0  67.8
2007 279  0  68.9
2007 280  0  68.1
2007 281  0  67.9
2007 282  0  68.6
2007 283  0  67.9
2007 284  0  68.6
2007 285  0  68.3
2007 286  0  67.3
2007 287  0  66.7
2007 288  0  66.8
2007 289  0  66.7
2007 290  0  67.0
2007 291  0  67.7
2007 292  0  66.8
2007 293  0  66.3
2007 294  0  66.6
2007 295  0  66.0
2007 296  0  66.4
2007 297  0  66.8
2007 298  0  66.3
2007 299  0  66.7
2007 300  0  66.2
2007 301  0  66.6
2007 302  0  66.2
2007 303  0  66.3
2007 304  0  66.1
2007 305  0  66.3
2007 306  0  66.8
2007 307  0  66.5
2007 308  0  66.5
2007 309  0  66.2
2007 310  0  67.3
2007 311  0  66.9
2007 312  0  68.4
2007 313  0  68.2
2007 314  0  68.4
2007 315  0  67.7
2007 316  0  68.3
2007 317  0  68.4
2007 318  0  68.9
2007 319  0  67.7
2007 320  0  69.1
2007 321  0  68.2
2007 322  0  67.2
2007 323  0  67.9
2007 324  0  68.0
2007 325  0  67.4
2007 326  0  68.0
2007 327  0  68.3
2007 328  0  69.5
2007 329  0  68.8
2007 330  0  69.6
2007 331  0  69.6
2007 332  0  69.3
2007 333  0  69.3
2007 334  0  69.2
2007 335  0  69.9
2007 336  0  71.0
2007 337  0  70.5
2007 338  0  71.5
2007 339  0  73.1
2007 340  0  75.9
2007 341  0  79.8
2007 342  0  84.4
2007 343  0  86.2
2007 344  0  84.3
2007 345  0  90.5
2007 346  0  91.1
2007 347  0  90.9
2007 348  0  89.0
2007 349  0  86.1
2007 350  0  79.1
2007 351  0  76.9
2007 352  0  74.4
2007 353  0  72.1
2007 354  0  70.2
2007 355  0  68.7
2007 356  0  69.1
2007 357  0  69.1
2007 358  0  69.1
2007 359  0  69.7
2007 360  0  70.2
2007 361  0  69.7
2007 362  0  69.5
2007 363  0  70.3
2007 364  0  72.5
2007 365  0  74.2
2008   1  0  76.7
2008   2  0  77.0
2008   3  0  76.7
2008   4  0  76.4
2008   5  0  77.1
2008   6  0  76.6
2008   7  0  75.2
2008   8  0  73.0
2008   9  0  74.0
2008  10  0  73.2
2008  11  0  73.5
2008  12  0  73.2
2008  13  0  72.9
2008  14  0  73.1
2008  15  0  71.3
2008  16  0  70.6
2008  17  0  71.3
2008  18  0  68.8
2008  19  0  68.6
2008  20  0  68.0
2008  21  0  69.3
2008  22  0  68.1
2008  23  0  68.4
2008  24  0  69.1
2008  25  0  68.9
2008  26  0  70.3
2008  27  0  69.8
2008  28  0  69.2
2008  29  0  69.5
2008  30  0  70.6
2008  31  0  69.9
2008  32  0  69.0
2008  33  0  69.8
2008  34  0 999.9
2008  35  0  69.3
2008  36  0  68.5
2008  37  0  69.6
2008  38  0  68.9
2008  39  0  69.0
2008  40  0  70.3
2008  41  0  70.7
2008  42  0  70.2
2008  43  0  70.3
2008  44  0  68.7
2008  45  0  68.8
2008  46  0  68.0
2008  47  0  68.6
2008  48  0  69.4
2008  49  0  69.5
2008  50  0  70.0
2008  51  0  69.3
2008  52  0  70.3
2008  53  0  70.8
2008  54  0  70.1
2008  55  0  69.3
2008  56  0  69.9
2008  57  0  69.3
2008  58  0  69.4
2008  59  0  68.7
2008  60  0  68.5
2008  61  0  67.4
2008  62  0  68.0
2008  63  0  67.3
2008  64  0  67.2
2008  65  0  68.2
2008  66  0  69.3
2008  67  0  69.5
2008  68  0  68.8
2008  69  0  68.5
2008  70  0  69.4
2008  71  0  69.3
2008  72  0  68.5
2008  73  0  68.7
2008  74  0  69.1
2008  75  0  68.8
2008  76  0  69.6
2008  77  0  69.1
2008  78  0  69.0
2008  79  0  68.4
2008  80  0  67.9
2008  81  0  67.7
2008  82  0  69.1
2008  83  0  71.5
2008  84  0  79.0
2008  85  0  88.2
2008  86  0  81.2
2008  87  0  84.5
2008  88  0  82.6
2008  89  0  82.4
2008  90  0  80.4
2008  91  0  79.1
2008  92  0  77.7
2008  93  0  75.9
2008  94  0  76.4
2008  95  0  73.1
2008  96  0  71.1
2008  97  0  69.5
2008  98  0  69.3
2008  99  0  70.0
2008 100  0  68.2
2008 101  0  68.1
2008 102  0  67.4
2008 103  0  68.5
2008 104  0  69.7
2008 105  0  69.0
2008 106  0  69.7
2008 107  0  70.0
2008 108  0  69.8
2008 109  0  70.8
2008 110  0  71.7
2008 111  0  71.5
2008 112  0  71.6
2008 113  0  72.1
2008 114  0  71.5
2008 115  0  71.2
2008 116  0  70.7
2008 117  0  69.9
2008 118  0  69.0
2008 119  0  69.4
2008 120  0  69.6
2008 121  0  68.0
2008 122  0  69.6
2008 123  0  69.2
2008 124  0  68.5
2008 125  0  69.5
2008 126  0  68.8
2008 127  0  68.4
2008 128  0  67.8
2008 129  0  67.7
2008 130  0  68.6
2008 131  0  68.7
2008 132  0  69.4
2008 133  0  69.5
2008 134  0  69.7
2008 135  0  70.5
2008 136  0  72.7
2008 137  0  73.2
2008 138  0  72.8
2008 139  0  73.3
2008 140  0  70.5
2008 141  0  70.2
2008 142  0  70.8
2008 143  0  71.0
2008 144  0  69.6
2008 145  0  70.3
2008 146  0  70.1
2008 147  0  69.8
2008 148  0  69.7
2008 149  0  69.6
2008 150  0  69.9
2008 151  0  69.0
2008 152  0  68.8
2008 153  0  68.5
2008 154  0  69.0
2008 155  0  68.2
2008 156  0  67.1
2008 157  0  68.4
2008 158  0  67.9
2008 159  0  67.6
2008 160  0  66.9
2008 161  0  68.0
2008 162  0  68.2
2008 163  0  67.8
2008 164  0  69.2
2008 165  0  68.6
2008 166  0  69.2
2008 167  0  68.6
2008 168  0  67.4
2008 169  0  68.1
2008 170  0  67.5
2008 171  0  67.0
2008 172  0  67.3
2008 173  0  67.0
2008 174  0  67.5
2008 175  0  67.5
2008 176  0  68.0
2008 177  0  68.1
2008 178  0  67.5
2008 179  0  68.3
2008 180  0  68.1
2008 181  0  68.8
2008 182  0  68.9
2008 183  0  67.8
2008 184  0  68.2
2008 185  0  67.7
2008 186  0  67.6
2008 187  0  67.3
2008 188  0  68.3
2008 189  0  67.7
2008 190  0  67.8
2008 191  0  68.3
2008 192  0  67.6
2008 193  0  67.9
2008 194  0  67.1
2008 195  0  67.4
2008 196  0  67.8
2008 197  0  67.9
2008 198  0  66.7
2008 199  0  67.1
2008 200  0  67.4
2008 201  0  68.5
2008 202  0  68.0
2008 203  0  68.4
2008 204  0  68.0
2008 205  0  67.6
2008 206  0  67.5
2008 207  0  67.9
2008 208  0  68.1
2008 209  0  68.4
2008 210  0  68.3
2008 211  0  68.1
2008 212  0  68.5
2008 213  0  67.5
2008 214  0  68.1
2008 215  0  68.2
2008 216  0  67.4
2008 217  0  68.2
2008 218  0  68.4
2008 219  0  68.9
2008 220  0  68.0
2008 221  0  67.3
2008 222  0  67.3
2008 223  0  67.4
2008 224  0  67.5
2008 225  0  66.9
2008 226  0  67.0
2008 227  0  67.6
2008 228  0  67.0
2008 229  0  67.8
2008 230  0  68.2
2008 231  0  67.8
2008 232  0  68.9
2008 233  0  67.4
2008 234  0  68.7
2008 235  0  69.1
2008 236  0  69.4
2008 237  0  68.6
2008 238  0  68.0
2008 239  0  68.3
2008 240  0  68.0
2008 241  0  67.4
2008 242  0  68.1
2008 243  0  68.4
2008 244  0  67.9
2008 245  0  67.0
2008 246  0  67.2
2008 247  0  67.3
2008 248  0  67.0
2008 249  0  66.3
2008 250  0  66.8
2008 251  0  67.6
2008 252  0  68.0
2008 253  0  68.0
2008 254  0  68.1
2008 255  0  67.8
2008 256  0  67.1
2008 257  0  67.2
2008 258  0  67.6
2008 259  0  68.2
2008 260  0  70.1
2008 261  0  67.7
2008 262  0  67.8
2008 263  0  68.4
2008 264  0  68.4
2008 265  0  68.4
2008 266  0  69.6
2008 267  0  69.8
2008 268  0  68.8
2008 269  0  68.6
2008 270  0  68.0
2008 271  0  67.6
2008 272  0  67.3
2008 273  0  67.0
2008 274  0  66.4
2008 275  0  65.9
2008 276  0  66.4
2008 277  0  67.2
2008 278  0  66.6
2008 279  0  67.4
2008 280  0  67.2
2008 281  0  66.6
2008 282  0  67.5
2008 283  0  68.5
2008 284  0  68.7
2008 285  0  70.5
2008 286  0  69.7
2008 287  0  70.5
2008 288  0  70.0
2008 289  0  70.5
2008 290  0  71.4
2008 291  0  69.5
2008 292  0  68.6
2008 293  0  69.0
2008 294  0  68.6
2008 295  0  68.2
2008 296  0  67.0
2008 297  0  66.5
2008 298  0  66.7
2008 299  0  66.7
2008 300  0  66.0
2008 301  0  66.1
2008 302  0  66.2
2008 303  0  65.8
2008 304  0  65.9
2008 305  0  67.1
2008 306  0  65.6
2008 307  0  68.0
2008 308  0  68.3
2008 309  0  66.8
2008 310  0  66.5
2008 311  0  67.3
2008 312  0  66.5
2008 313  0  67.0
2008 314  0  67.1
2008 315  0  67.9
2008 316  0  70.0
2008 317  0  69.5
2008 318  0  67.6
2008 319  0  66.8
2008 320  0  66.7
2008 321  0  66.2
2008 322  0  66.2
2008 323  0  68.2
2008 324  0  67.7
2008 325  0  67.9
2008 326  0  66.8
2008 327  0  67.3
2008 328  0  67.2
2008 329  0  66.1
2008 330  0  66.0
2008 331  0  66.5
2008 332  0  66.4
2008 333  0  65.2
2008 334  0  66.4
2008 335  0  66.5
2008 336  0  66.2
2008 337  0  67.0
2008 338  0  67.2
2008 339  0  67.6
2008 340  0  66.8
2008 341  0  67.1
2008 342  0  67.0
2008 343  0  66.4
2008 344  0  66.7
2008 345  0  68.7
2008 346  0  68.0
2008 347  0  68.8
2008 348  0  67.5
2008 349  0  66.6
2008 350  0  66.7
2008 351  0  67.2
2008 352  0  66.6
2008 353  0  66.2
2008 354  0  67.0
2008 355  0  66.9
2008 356  0 999.9
2008 357  0  65.5
2008 358  0  66.3
2008 359  0  67.1
2008 360  0  67.0
2008 361  0  67.0
2008 362  0  67.1
2008 363  0  67.5
2008 364  0  67.5
2008 365  0  66.3
2008 366  0  67.0
2009   1  0  66.6
2009   2  0  67.6
2009   3  0  67.2
2009   4  0  66.6
2009   5  0  66.9
2009   6  0  66.5
2009   7  0  66.7
2009   8  0  66.5
2009   9  0  67.4
2009  10  0  68.5
2009  11  0  67.7
2009  12  0  67.0
2009  13  0  68.2
2009  14  0  68.9
2009  15  0  68.8
2009  16  0  68.5
2009  17  0  69.6
2009  18  0  68.8
2009  19  0  68.6
2009  20  0  68.1
2009  21  0  67.2
2009  22  0  66.9
2009  23  0  67.8
2009  24  0  66.6
2009  25  0  67.7
2009  26  0  67.8
2009  27  0  67.6
2009  28  0  67.4
2009  29  0  67.3
2009  30  0  67.1
2009  31  0  67.4
2009  32  0  67.5
2009  33  0  67.1
2009  34  0  67.3
2009  35  0  67.5
2009  36  0  68.1
2009  37  0  68.2
2009  38  0  69.2
2009  39  0  69.3
2009  40  0  68.8
2009  41  0  65.8
2009  42  0  68.5
2009  43  0  68.0
2009  44  0  68.3
2009  45  0  68.4
2009  46  0  67.9
2009  47  0  67.9
2009  48  0  69.0
2009  49  0  68.2
2009  50  0  67.4
2009  51  0  67.6
2009  52  0  69.1
2009  53  0  68.8
2009  54  0  69.3
2009  55  0  69.5
2009  56  0  69.3
2009  57  0  68.6
2009  58  0  67.6
2009  59  0  69.3
2009  60  0  68.1
2009  61  0  68.0
2009  62  0  68.0
2009  63  0  68.6
2009  64  0  68.1
2009  65  0  68.0
2009  66  0  68.0
2009  67  0  67.9
2009  68  0  67.2
2009  69  0  67.8
2009  70  0  68.0
2009  71  0  67.8
2009  72  0  67.4
2009  73  0  67.7
2009  74  0  67.7
2009  75  0  68.7
2009  76  0  68.2
2009  77  0  67.8
2009  78  0  68.5
2009  79  0  68.2
2009  80  0  69.6
2009  81  0  68.2
2009  82  0  67.6
2009  83  0  68.7
2009  84  0  68.2
2009  85  0  68.8
2009  86  0  71.4
2009  87  0  70.4
2009  88  0  70.7
2009  89  0  70.8
2009  90  0  71.1
2009  91  0  70.7
2009  92  0  70.6
2009  93  0  70.4
2009  94  0  70.1
2009  95  0  70.5
2009  96  0  68.9
2009  97  0  70.4
2009  98  0  70.2
2009  99  0  70.3
2009 100  0  69.7
2009 101  0  69.7
2009 102  0  69.7
2009 103  0  68.8
2009 104  0  69.9
2009 105  0  69.9
2009 106  0  70.5
2009 107  0  70.4
2009 108  0  70.5
2009 109  0  70.8
2009 110  0  70.4
2009 111  0  71.8
2009 112  0  71.9
2009 113  0  71.4
2009 114  0  70.5
2009 115  0  70.3
2009 116  0  70.1
2009 117  0  68.6
2009 118  0  69.8
2009 119  0  70.5
2009 120  0  70.5
2009 121  0  69.6
2009 122  0  69.4
2009 123  0  69.7
2009 124  0  69.2
2009 125  0  69.2
2009 126  0  70.0
2009 127  0  70.8
2009 128  0  72.2
2009 129  0  73.7
2009 130  0  73.2
2009 131  0  73.3
2009 132  0  75.5
2009 133  0  75.3
2009 134  0  75.5
2009 135  0  75.4
2009 136  0  75.8
2009 137  0  75.7
2009 138  0  74.6
2009 139  0  74.0
2009 140  0  73.2
2009 141  0  73.5
2009 142  0  73.9
2009 143  0  72.2
2009 144  0  71.0
2009 145  0  70.7
2009 146  0  69.9
2009 147  0  68.5
2009 148  0  69.6
2009 149  0  70.1
2009 150  0  70.4
2009 151  0  70.4
2009 152  0  74.6
2009 153  0  74.0
2009 154  0  74.6
2009 155  0  73.1
2009 156  0  72.2
2009 157  0  71.1
2009 158  0  71.0
2009 159  0  71.1
2009 160  0  71.2
2009 161  0  71.3
2009 162  0  71.4
2009 163  0  71.2
2009 164  0  70.4
2009 165  0  70.3
2009 166  0  69.5
2009 167  0  70.5
2009 168  0  70.0
2009 169  0  69.9
2009 170  0  69.2
2009 171  0  68.8
2009 172  0  69.2
2009 173  0  70.2
2009 174  0  70.2
2009 175  0  69.1
2009 176  0  70.3
2009 177  0  69.0
2009 178  0  69.3
2009 179  0  69.2
2009 180  0  70.8
2009 181  0  70.5
2009 182  0  69.8
2009 183  0  68.7
2009 184  0  69.5
2009 185  0  73.4
2009 186  0  74.0
2009 187  0  71.2
2009 188  0  73.7
2009 189  0  73.1
2009 190  0  71.4
2009 191  0  70.1
2009 192  0  70.5
2009 193  0  70.3
2009 194  0  69.5
2009 195  0  68.8
2009 196  0  68.7
2009 197  0  68.9
2009 198  0  68.4
2009 199  0  69.2
2009 200  0  69.9
2009 201  0  70.4
2009 202  0  69.9
2009 203  0  70.0
2009 204  0  69.9
2009 205  0  70.5
2009 206  0  71.2
2009 207  0  69.8
2009 208  0  70.5
2009 209  0  70.9
2009 210  0  70.4
2009 211  0  70.1
2009 212  0  70.8
2009 213  0  70.2
2009 214  0  70.1
2009 215  0  69.3
2009 216  0  67.8
2009 217  0  68.1
2009 218  0  68.7
2009 219  0  69.7
2009 220  0  68.8
2009 221  0  69.1
2009 222  0  69.0
2009 223  0  68.4
2009 224  0  68.2
2009 225  0  68.9
2009 226  0  69.4
2009 227  0  69.8
2009 228  0  70.6
2009 229  0  69.8
2009 230  0  69.1
2009 231  0  68.7
2009 232  0  69.2
2009 233  0  67.9
2009 234  0  68.1
2009 235  0  68.8
2009 236  0  69.1
2009 237  0  68.5
2009 238  0  68.7
2009 239  0  69.1
2009 240  0  69.3
2009 241  0  69.3
2009 242  0  68.5
2009 243  0  69.6
2009 244  0  70.4
2009 245  0  69.4
2009 246  0  69.8
2009 247  0  69.5
2009 248  0  69.6
2009 249  0  70.3
2009 250  0  69.8
2009 251  0  70.0
2009 252  0  70.2
2009 253  0  70.2
2009 254  0  70.2
2009 255  0  69.8
2009 256  0  69.9
2009 257  0  69.8
2009 258  0  69.9
2009 259  0  69.5
2009 260  0  69.8
2009 261  0  69.6
2009 262  0  71.1
2009 263  0  71.9
2009 264  0  72.5
2009 265  0  75.3
2009 266  0  76.6
2009 267  0  75.0
2009 268  0  72.8
2009 269  0  72.2
2009 270  0  72.6
2009 271  0  73.5
2009 272  0  72.5
2009 273  0  72.1
2009 274  0  72.2
2009 275  0  71.7
2009 276  0  71.7
2009 277  0  71.1
2009 278  0  69.9
2009 279  0  68.8
2009 280  0  68.4
2009 281  0  68.6
2009 282  0  69.0
2009 283  0  69.8
2009 284  0  70.1
2009 285  0  69.8
2009 286  0  69.4
2009 287  0  70.5
2009 288  0  70.0
2009 289  0  69.2
2009 290  0  70.2
2009 291  0  69.5
2009 292  0  70.3
2009 293  0  70.3
2009 294  0  70.6
2009 295  0  70.9
2009 296  0  72.1
2009 297  0  74.7
2009 298  0  74.7
2009 299  0  80.3
2009 300  0  80.4
2009 301  0  78.9
2009 302  0  75.6
2009 303  0  74.2
2009 304  0  74.0
2009 305  0  71.2
2009 306  0  70.3
2009 307  0  70.3
2009 308  0  70.2
2009 309  0  69.3
2009 310  0  69.6
2009 311  0  69.3
2009 312  0  69.6
2009 313  0  70.7
2009 314  0  71.3
2009 315  0  71.0
2009 316  0  71.7
2009 317  0  72.6
2009 318  0  73.2
2009 319  0  73.5
2009 320  0  74.5
2009 321  0  75.4
2009 322  0  74.4
2009 323  0  74.9
2009 324  0  74.4
2009 325  0  74.0
2009 326  0  74.4
2009 327  0  73.8
2009 328  0  72.8
2009 329  0  72.3
2009 330  0  72.7
2009 331  0  71.7
2009 332  0  70.9
2009 333  0  70.1
2009 334  0  70.4
2009 335  0  70.2
2009 336  0  69.4
2009 337  0  69.6
2009 338  0  69.4
2009 339  0  69.6
2009 340  0  69.8
2009 341  0  69.0
2009 342  0  70.0
2009 343  0  70.8
2009 344  0  71.6
2009 345  0  69.9
2009 346  0  72.2
2009 347  0  73.1
2009 348  0  76.2
2009 349  0  79.0
2009 350  0  80.6
2009 351  0  84.2
2009 352  0  81.6
2009 353  0  79.1
2009 354  0  81.0
2009 355  0  80.0
2009 356  0  79.5
2009 357  0  75.9
2009 358  0  74.6
2009 359  0  73.5
2009 360  0  73.4
2009 361  0  74.3
2009 362  0  73.3
2009 363  0  72.7
2009 364  0  74.3
2009 365  0  77.2
2010   1  0  72.7
2010   2  0  75.4
2010   3  0  73.8
2010   4  0  70.6
2010   5  0  74.3
2010   6  0  74.7
2010   7  0  75.5
2010   8  0  74.9
2010   9  0  79.0
2010  10  0  81.6
2010  11  0  86.3
2010  12  0  90.2
2010  13  0  87.5
2010  14  0  87.0
2010  15  0  82.6
2010  16  0  81.4
2010  17  0  79.9
2010  18  0  78.9
2010  19  0  81.6
2010  20  0  79.1
2010  21  0  80.0
2010  22  0  79.8
2010  23  0  82.0
2010  24  0  81.9
2010  25  0  78.7
2010  26  0  77.3
2010  27  0  75.4
2010  28  0  74.0
2010  29  0  71.1
2010  30  0  72.8
2010  31  0  73.0
2010  32  0  73.1
2010  33  0  73.0
2010  34  0  72.3
2010  35  0  71.8
2010  36  0  75.6
2010  37  0  85.1
2010  38  0  87.8
2010  39  0  91.2
2010  40  0  89.0
2010  41  0  88.9
2010  42  0  91.8
2010  43  0  93.1
2010  44  0  91.8
2010  45  0  87.2
2010  46  0  85.5
2010  47  0  84.7
2010  48  0  84.8
2010  49  0  83.1
2010  50  0  81.8
2010  51  0  82.0
2010  52  0  81.7
2010  53  0  81.9
2010  54  0  82.4
2010  55  0  80.9
2010  56  0  81.1
2010  57  0  78.9
2010  58  0  77.1
2010  59  0  76.6
2010  60  0  76.5
2010  61  0  78.0
2010  62  0  79.0
2010  63  0  80.0
2010  64  0  78.2
2010  65  0  77.1
2010  66  0  75.4
2010  67  0  75.1
2010  68  0  76.8
2010  69  0  79.3
2010  70  0  83.1
2010  71  0  88.5
2010  72  0  90.7
2010  73  0  88.3
2010  74  0  85.5
2010  75  0  84.3
2010  76  0  85.9
2010  77  0  85.0
2010  78  0  83.7
2010  79  0  82.8
2010  80  0  84.1
2010  81  0  81.9
2010  82  0  83.3
2010  83  0  83.9
2010  84  0  87.1
2010  85  0  85.5
2010  86  0  87.8
2010  87  0  85.7
2010  88  0  82.9
2010  89  0  82.6
2010  90  0  80.9
2010  91  0  79.1
2010  92  0  76.1
2010  93  0  77.4
2010  94  0  78.7
2010  95  0  79.3
2010  96  0  77.7
2010  97  0  76.5
2010  98  0  75.9
2010  99  0  76.3
2010 100  0  75.3
2010 101  0  74.9
2010 102  0  74.9
2010 103  0  75.3
2010 104  0  75.6
2010 105  0  75.0
2010 106  0  75.4
2010 107  0  74.5
2010 108  0  75.3
2010 109  0  76.1
2010 110  0  76.4
2010 111  0  76.9
2010 112  0  76.9
2010 113  0  75.8
2010 114  0  75.0
2010 115  0  76.4
2010 116  0  77.0
2010 117  0  75.7
2010 118  0  77.2
2010 119  0  77.3
2010 120  0  79.8
2010 121  0  79.0
2010 122  0  80.8
2010 123  0  81.6
2010 124  0  83.1
2010 125  0  84.7
2010 126  0  80.5
2010 127  0  80.5
2010 128  0  80.3
2010 129  0  76.9
2010 130  0  75.1
2010 131  0  75.0
2010 132  0  72.7
2010 133  0  70.9
2010 134  0  71.2
2010 135  0  71.8
2010 136  0  70.0
2010 137  0  70.8
2010 138  0  70.3
2010 139  0  70.2
2010 140  0  70.4
2010 141  0  72.6
2010 142  0  74.3
2010 143  0  76.4
2010 144  0  74.4
2010 145  0  75.1
2010 146  0  74.3
2010 147  0  74.6
2010 148  0  75.2
2010 149  0  75.7
2010 150  0  75.0
2010 151  0  74.1
2010 152  0  74.8
2010 153  0  76.1
2010 154  0  76.8
2010 155  0  74.0
2010 156  0  72.4
2010 157  0  70.0
2010 158  0  70.6
2010 159  0  74.0
2010 160  0  73.7
2010 161  0  75.2
2010 162  0  76.9
2010 163  0  78.6
2010 164  0  78.7
2010 165  0  75.1
2010 166  0  72.3
2010 167  0  73.9
2010 168  0  72.7
2010 169  0  72.8
2010 170  0  71.2
2010 171  0  72.3
2010 172  0  74.3
2010 173  0  75.7
2010 174  0  76.5
2010 175  0  76.9
2010 176  0  76.9
2010 177  0  76.9
2010 178  0  75.3
2010 179  0  76.4
2010 180  0  76.0
2010 181  0  76.3
2010 182  0  75.5
2010 183  0  75.9
2010 184  0  74.8
2010 185  0  74.0
2010 186  0  75.2
2010 187  0  75.2
2010 188  0  76.6
2010 189  0  78.2
2010 190  0  82.7
2010 191  0  82.6
2010 192  0  85.4
2010 193  0  82.6
2010 194  0  81.1
2010 195  0  80.3
2010 196  0  78.4
2010 197  0  79.1
2010 198  0  81.3
2010 199  0  79.4
2010 200  0  82.5
2010 201  0  89.9
2010 202  0  92.0
2010 203  0  90.5
2010 204  0  89.2
2010 205  0  87.9
2010 206  0  87.9
2010 207  0  87.1
2010 208  0  85.2
2010 209  0  88.0
2010 210  0  87.2
2010 211  0  85.7
2010 212  0  83.9
2010 213  0  82.1
2010 214  0  81.5
2010 215  0  83.0
2010 216  0  83.2
2010 217  0  85.1
2010 218  0  84.4
2010 219  0  93.1
2010 220  0  84.9
2010 221  0  86.5
2010 222  0  85.8
2010 223  0  88.1
2010 224  0  86.0
2010 225  0  86.0
2010 226  0  87.4
2010 227  0  87.8
2010 228  0  86.9
2010 229  0  83.1
2010 230  0  81.8
2010 231  0  79.8
2010 232  0  78.9
2010 233  0  77.3
2010 234  0  76.3
2010 235  0  76.5
2010 236  0  75.2
2010 237  0  75.1
2010 238  0  75.0
2010 239  0  74.8
2010 240  0  73.3
2010 241  0  75.4
2010 242  0  76.4
2010 243  0  76.0
2010 244  0  77.7
2010 245  0  78.4
2010 246  0  78.5
2010 247  0  83.6
2010 248  0  83.5
2010 249  0  81.0
2010 250  0  77.3
2010 251  0  75.6
2010 252  0  74.7
2010 253  0  76.4
2010 254  0  79.1
2010 255  0  79.3
2010 256  0  80.4
2010 257  0  81.6
2010 258  0  82.1
2010 259  0  83.3
2010 260  0  83.0
2010 261  0  82.9
2010 262  0  81.9
2010 263  0  83.3
2010 264  0  85.2
2010 265  0  85.4
2010 266  0  84.9
2010 267  0  83.1
2010 268  0  83.4
2010 269  0  84.3
2010 270  0  83.4
2010 271  0  83.5
2010 272  0  91.0
2010 273  0  90.2
2010 274  0  86.9
2010 275  0  85.1
2010 276  0  80.1
2010 277  0  76.1
2010 278  0  75.4
2010 279  0  74.2
2010 280  0  75.0
2010 281  0  74.7
2010 282  0  76.2
2010 283  0  75.7
2010 284  0  75.0
2010 285  0  74.9
2010 286  0  77.7
2010 287  0  79.9
2010 288  0  81.7
2010 289  0  86.3
2010 290  0  83.0
2010 291  0  89.9
2010 292  0  85.9
2010 293  0  83.2
2010 294  0  82.7
2010 295  0  81.4
2010 296  0  83.4
2010 297  0  81.2
2010 298  0  85.2
2010 299  0  85.1
2010 300  0  86.5
2010 301  0  85.3
2010 302  0  84.5
2010 303  0  83.6
2010 304  0  80.0
2010 305  0  77.9
2010 306  0  77.7
2010 307  0  77.2
2010 308  0  77.8
2010 309  0  81.6
2010 310  0  87.1
2010 311  0  83.5
2010 312  0  82.2
2010 313  0  82.5
2010 314  0  83.9
2010 315  0  82.8
2010 316  0  83.7
2010 317  0  83.6
2010 318  0  84.6
2010 319  0  88.8
2010 320  0  89.8
2010 321  0  89.1
2010 322  0  84.5
2010 323  0  82.0
2010 324  0  77.9
2010 325  0  75.8
2010 326  0  72.9
2010 327  0  73.4
2010 328  0  73.9
2010 329  0  75.9
2010 330  0  74.2
2010 331  0  74.5
2010 332  0  77.9
2010 333  0  80.2
2010 334  0  84.0
2010 335  0  84.1
2010 336  0  84.1
2010 337  0  84.4
2010 338  0  84.9
2010 339  0  85.4
2010 340  0  85.9
2010 341  0  84.5
2010 342  0  84.6
2010 343  0  84.2
2010 344  0  85.8
2010 345  0  84.3
2010 346  0  86.7
2010 347  0  85.0
2010 348  0  87.5
2010 349  0  84.2
2010 350  0  81.4
2010 351  0  79.1
2010 352  0  78.0
2010 353  0  78.3
2010 354  0  75.4
2010 355  0  75.3
2010 356  0  75.2
2010 357  0  77.5
2010 358  0  76.1
2010 359  0  76.8
2010 360  0  77.9
2010 361  0  77.4
2010 362  0  78.0
2010 363  0  79.9
2010 364  0  80.2
2010 365  0  87.9
2011   1  0 999.9
2011   2  0  88.1
2011   3  0  89.1
2011   4  0  87.6
2011   5  0  84.8
2011   6  0  83.9
2011   7  0  83.5
2011   8  0  82.0
2011   9  0  80.0
2011  10  0  80.6
2011  11  0  79.9
2011  12  0  77.4
2011  13  0  76.9
2011  14  0  76.7
2011  15  0  77.6
2011  16  0  77.8
2011  17  0  79.1
2011  18  0  78.4
2011  19  0  78.2
2011  20  0  79.7
2011  21  0  84.8
2011  22  0  84.9
2011  23  0  81.7
2011  24  0  79.9
2011  25  0  78.0
2011  26  0  77.6
2011  27  0  78.1
2011  28  0  78.1
2011  29  0  79.0
2011  30  0  80.2
2011  31  0  78.9
2011  32  0  77.6
2011  33  0  77.0
2011  34  0  78.1
2011  35  0  79.8
2011  36  0  78.7
2011  37  0  78.0
2011  38  0  80.1
2011  39  0  87.3
2011  40  0  86.4
2011  41  0  89.0
2011  42  0  88.9
2011  43  0  93.1
2011  44  0 104.1
2011  45  0 109.8
2011  46  0 110.0
2011  47  0 111.4
2011  48  0 108.3
2011  49  0 121.9
2011  50  0 106.9
2011  51  0 102.2
2011  52  0  94.6
2011  53  0  89.0
2011  54  0  87.4
2011  55  0  87.0
2011  56  0  86.4
2011  57  0  88.4
2011  58  0  88.7
2011  59  0  94.0
2011  60  0 108.5
2011  61  0 111.4
2011  62  0 118.8
2011  63  0 124.7
2011  64  0 132.5
2011  65  0 140.3
2011  66  0 151.9
2011  67  0 164.3
2011  68  0 141.1
2011  69  0 129.5
2011  70  0 121.5
2011  71  0 119.2
2011  72  0 111.5
2011  73  0 106.1
2011  74  0 100.3
2011  75  0 103.8
2011  76  0  89.2
2011  77  0  86.8
2011  78  0  88.0
2011  79  0  91.2
2011  80  0 100.2
2011  81  0  99.1
2011  82  0 104.0
2011  83  0 106.9
2011  84  0 112.0
2011  85  0 113.9
2011  86  0 115.1
2011  87  0 118.1
2011  88  0 115.9
2011  89  0 117.3
2011  90  0 113.1
2011  91  0 108.7
2011  92  0 107.4
2011  93  0 114.0
2011  94  0 112.7
2011  95  0 109.3
2011  96  0 117.2
2011  97  0 112.5
2011  98  0 109.0
2011  99  0 105.3
2011 100  0 105.2
2011 101  0 106.3
2011 102  0 110.8
2011 103  0 118.4
2011 104  0 119.4
2011 105  0 130.2
2011 106  0 120.0
2011 107  0 115.3
2011 108  0 111.9
2011 109  0 111.9
2011 110  0 118.1
2011 111  0 114.1
2011 112  0 116.0
2011 113  0 120.4
2011 114  0 118.5
2011 115  0 113.5
2011 116  0 110.8
2011 117  0 109.3
2011 118  0 111.9
2011 119  0 111.2
2011 120  0 111.1
2011 121  0 107.7
2011 122  0 111.5
2011 123  0 108.8
2011 124  0 108.7
2011 125  0 106.7
2011 126  0 103.7
2011 127  0 104.1
2011 128  0 104.1
2011 129  0 105.7
2011 130  0  99.4
2011 131  0  96.0
2011 132  0  94.7
2011 133  0  93.5
2011 134  0  93.4
2011 135  0  96.6
2011 136  0  94.3
2011 137  0  93.6
2011 138  0  92.7
2011 139  0  86.4
2011 140  0  85.7
2011 141  0  85.7
2011 142  0  86.6
2011 143  0  86.3
2011 144  0  83.8
2011 145  0  82.4
2011 146  0  84.9
2011 147  0  92.3
2011 148  0 103.2
2011 149  0 113.8
2011 150  0 115.0
2011 151  0 115.2
2011 152  0 116.8
2011 153  0 114.8
2011 154  0 110.2
2011 155  0 105.8
2011 156  0 105.9
2011 157  0 103.2
2011 158  0  99.3
2011 159  0  92.9
2011 160  0  90.2
2011 161  0  89.4
2011 162  0  87.2
2011 163  0  87.3
2011 164  0  89.4
2011 165  0 102.5
2011 166  0 104.8
2011 167  0 106.6
2011 168  0 107.6
2011 169  0 102.4
2011 170  0 102.4
2011 171  0  99.6
2011 172  0  98.2
2011 173  0  96.0
2011 174  0  99.5
2011 175  0  99.4
2011 176  0  96.7
2011 177  0  93.1
2011 178  0  92.2
2011 179  0  89.8
2011 180  0  90.3
2011 181  0  92.2
2011 182  0  90.5
2011 183  0  88.5
2011 184  0  89.2
2011 185  0  87.9
2011 186  0  87.7
2011 187  0  87.5
2011 188  0  88.4
2011 189  0  88.7
2011 190  0  88.5
2011 191  0  93.7
2011 192  0  93.1
2011 193  0  94.7
2011 194  0  97.7
2011 195  0  97.2
2011 196  0  96.9
2011 197  0  96.9
2011 198  0 107.0
2011 199  0 105.3
2011 200  0 103.6
2011 201  0 103.4
2011 202  0  99.1
2011 203  0  95.4
2011 204  0  91.1
2011 205  0  88.9
2011 206  0  89.8
2011 207  0  96.4
2011 208  0 102.5
2011 209  0 110.7
2011 210  0 115.2
2011 211  0 116.2
2011 212  0 122.2
2011 213  0 128.7
2011 214  0 125.2
2011 215  0 123.5
2011 216  0 119.7
2011 217  0 112.5
2011 218  0 113.2
2011 219  0 108.4
2011 220  0 104.3
2011 221  0 100.2
2011 222  0  92.7
2011 223  0  86.5
2011 224  0  85.7
2011 225  0  85.3
2011 226  0  90.4
2011 227  0  92.7
2011 228  0  95.4
2011 229  0 100.0
2011 230  0 100.2
2011 231  0 100.6
2011 232  0 102.9
2011 233  0 103.3
2011 234  0 110.7
2011 235  0 106.1
2011 236  0 106.4
2011 237  0 106.4
2011 238  0 106.8
2011 239  0 106.0
2011 240  0 103.1
2011 241  0 103.2
2011 242  0 103.2
2011 243  0 111.0
2011 244  0 113.8
2011 245  0 117.5
2011 246  0 120.8
2011 247  0 121.5
2011 248  0 120.7
2011 249  0 113.2
2011 250  0 114.5
2011 251  0 111.7
2011 252  0 113.4
2011 253  0 117.8
2011 254  0 122.9
2011 255  0 125.5
2011 256  0 131.0
2011 257  0 144.3
2011 258  0 142.3
2011 259  0 144.6
2011 260  0 146.2
2011 261  0 151.6
2011 262  0 142.2
2011 263  0 145.5
2011 264  0 145.3
2011 265  0 151.9
2011 266  0 159.3
2011 267  0 191.6
2011 268  0 169.8
2011 269  0 149.0
2011 270  0 139.6
2011 271  0 134.0
2011 272  0 137.0
2011 273  0 138.5
2011 274  0 137.2
2011 275  0 131.1
2011 276  0 129.1
2011 277  0 130.4
2011 278  0 126.7
2011 279  0 123.9
2011 280  0 121.9
2011 281  0 118.2
2011 282  0 120.7
2011 283  0 126.0
2011 284  0 129.7
2011 285  0 133.5
2011 286  0 137.0
2011 287  0 135.4
2011 288  0 136.9
2011 289  0 150.0
2011 290  0 151.6
2011 291  0 145.7
2011 292  0 146.1
2011 293  0 157.8
2011 294  0 166.3
2011 295  0 162.5
2011 296  0 153.9
2011 297  0 143.8
2011 298  0 137.3
2011 299  0 130.6
2011 300  0 129.9
2011 301  0 132.2
2011 302  0 121.4
2011 303  0 124.9
2011 304  0 136.1
2011 305  0 136.5
2011 306  0 151.2
2011 307  0 157.8
2011 308  0 161.1
2011 309  0 169.0
2011 310  0 173.6
2011 311  0 178.9
2011 312  0 177.7
2011 313  0 176.7
2011 314  0 175.2
2011 315  0 170.4
2011 316  0 165.3
2011 317  0 152.1
2011 318  0 157.7
2011 319  0 145.1
2011 320  0 139.2
2011 321  0 144.4
2011 322  0 141.1
2011 323  0 136.3
2011 324  0 136.6
2011 325  0 137.7
2011 326  0 138.9
2011 327  0 136.5
2011 328  0 133.8
2011 329  0 131.7
2011 330  0 129.3
2011 331  0 131.7
2011 332  0 134.0
2011 333  0 136.8
2011 334  0 140.1
2011 335  0 148.0
2011 336  0 152.9
2011 337  0 159.4
2011 338  0 159.0
2011 339  0 153.6
2011 340  0 146.6
2011 341  0 144.5
2011 342  0 140.4
2011 343  0 139.2
2011 344  0 135.8
2011 345  0 130.2
2011 346  0 127.5
2011 347  0 129.0
2011 348  0 127.9
2011 349  0 120.3
2011 350  0 117.2
2011 351  0 115.8
2011 352  0 123.3
2011 353  0 124.1
2011 354  0 133.0
2011 355  0 139.9
2011 356  0 141.1
2011 357  0 133.7
2011 358  0 138.1
2011 359  0 139.6
2011 360  0 140.8
2011 361  0 135.7
2011 362  0 140.0
2011 363  0 142.3
2011 364  0 136.4
2011 365  0 128.5
2012   1  0 999.9
2012   2  0 130.3
2012   3  0 130.2
2012   4  0 131.6
2012   5  0 136.6
2012   6  0 131.0
2012   7  0 135.9
2012   8  0 131.4
2012   9  0 137.6
2012  10  0 124.6
2012  11  0 116.1
2012  12  0 113.0
2012  13  0 120.0
2012  14  0 128.0
2012  15  0 129.2
2012  16  0 135.1
2012  17  0 134.5
2012  18  0 143.4
2012  19  0 152.0
2012  20  0 136.7
2012  21  0 137.2
2012  22  0 136.6
2012  23  0 139.8
2012  24  0 131.5
2012  25  0 122.5
2012  26  0 124.3
2012  27  0 137.4
2012  28  0 111.0
2012  29  0 106.6
2012  30  0 111.0
2012  31  0 113.1
2012  32  0 114.1
2012  33  0 114.6
2012  34  0 107.9
2012  35  0 104.0
2012  36  0  99.8
2012  37  0 108.9
2012  38  0 104.3
2012  39  0  94.6
2012  40  0  96.6
2012  41  0 107.9
2012  42  0 109.4
2012  43  0 107.6
2012  44  0 105.7
2012  45  0 104.8
2012  46  0 102.0
2012  47  0 100.8
2012  48  0 101.3
2012  49  0 101.7
2012  50  0 102.9
2012  51  0 108.7
2012  52  0 101.0
2012  53  0 102.0
2012  54  0 101.2
2012  55  0 106.7
2012  56  0 105.9
2012  57  0 104.9
2012  58  0 103.5
2012  59  0 101.3
2012  60  0 100.2
2012  61  0 101.6
2012  62  0 106.3
2012  63  0 114.5
2012  64  0 118.2
2012  65  0 129.5
2012  66  0 136.0
2012  67  0 133.7
2012  68  0 137.5
2012  69  0 143.5
2012  70  0 146.9
2012  71  0 129.5
2012  72  0 113.5
2012  73  0 139.0
2012  74  0 117.5
2012  75  0 109.4
2012  76  0  97.6
2012  77  0 101.4
2012  78  0 101.1
2012  79  0 100.9
2012  80  0  98.8
2012  81  0  99.2
2012  82  0 101.7
2012  83  0 104.2
2012  84  0 102.1
2012  85  0 100.8
2012  86  0 101.9
2012  87  0 105.2
2012  88  0 106.6
2012  89  0 111.2
2012  90  0 110.4
2012  91  0 109.9
2012  92  0 107.2
2012  93  0 105.9
2012  94  0 103.6
2012  95  0 102.1
2012  96  0 101.0
2012  97  0  97.6
2012  98  0  98.7
2012  99  0  93.5
2012 100  0  94.9
2012 101  0  93.7
2012 102  0  93.8
2012 103  0  95.8
2012 104  0  98.3
2012 105  0  98.8
2012 106  0 102.4
2012 107  0 108.8
2012 108  0 114.7
2012 109  0 122.6
2012 110  0 139.1
2012 111  0 143.1
2012 112  0 150.6
2012 113  0 149.5
2012 114  0 143.4
2012 115  0 135.2
2012 116  0 128.8
2012 117  0 120.7
2012 118  0 119.5
2012 119  0 122.8
2012 120  0 117.7
2012 121  0 115.9
2012 122  0 111.6
2012 123  0 117.4
2012 124  0 115.9
2012 125  0 115.9
2012 126  0 118.1
2012 127  0 119.4
2012 128  0 123.9
2012 129  0 125.1
2012 130  0 129.8
2012 131  0 133.3
2012 132  0 139.2
2012 133  0 132.2
2012 134  0 133.3
2012 135  0 132.9
2012 136  0 131.9
2012 137  0 133.9
2012 138  0 139.5
2012 139  0 135.3
2012 140  0 134.1
2012 141  0 134.0
2012 142  0 128.2
2012 143  0 124.3
2012 144  0 120.2
2012 145  0 118.5
2012 146  0 120.3
2012 147  0 112.9
2012 148  0 113.7
2012 149  0 113.3
2012 150  0 109.3
2012 151  0 114.1
2012 152  0 120.6
2012 153  0 132.2
2012 154  0 132.9
2012 155  0 133.2
2012 156  0 131.9
2012 157  0 142.8
2012 158  0 156.4
2012 159  0 132.1
2012 160  0 127.9
2012 161  0 132.3
2012 162  0 132.3
2012 163  0 138.1
2012 164  0 145.8
2012 165  0 147.3
2012 166  0 153.3
2012 167  0 149.6
2012 168  0 138.8
2012 169  0 128.0
2012 170  0 121.9
2012 171  0 113.5
2012 172  0 107.1
2012 173  0 100.9
2012 174  0  91.4
2012 175  0  86.8
2012 176  0  88.1
2012 177  0  91.5
2012 178  0 102.5
2012 179  0 109.9
2012 180  0 123.7
2012 181  0 121.3
2012 182  0 128.2
2012 183  0 137.9
2012 184  0 171.4
2012 185  0 150.7
2012 186  0 168.6
2012 187  0 170.1
2012 188  0 163.0
2012 189  0 163.7
2012 190  0 183.7
2012 191  0 179.6
2012 192  0 179.2
2012 193  0 167.1
2012 194  0 170.9
2012 195  0 152.1
2012 196  0 152.8
2012 197  0 145.1
2012 198  0 159.5
2012 199  0 131.7
2012 200  0 113.1
2012 201  0 103.2
2012 202  0  95.3
2012 203  0  92.8
2012 204  0  96.7
2012 205  0  99.8
2012 206  0 105.7
2012 207  0 108.7
2012 208  0 118.3
2012 209  0 127.1
2012 210  0 130.5
2012 211  0 135.4
2012 212  0 140.1
2012 213  0 144.0
2012 214  0 154.6
2012 215  0 138.6
2012 216  0 143.8
2012 217  0 142.7
2012 218  0 137.9
2012 219  0 137.9
2012 220  0 132.1
2012 221  0 137.0
2012 222  0 134.8
2012 223  0 128.8
2012 224  0 123.0
2012 225  0 115.3
2012 226  0 110.9
2012 227  0 108.5
2012 228  0 103.2
2012 229  0 100.8
2012 230  0  97.5
2012 231  0  99.4
2012 232  0  98.5
2012 233  0  98.5
2012 234  0  96.4
2012 235  0  96.9
2012 236  0  98.8
2012 237  0 106.4
2012 238  0 108.1
2012 239  0 115.6
2012 240  0 113.7
2012 241  0 113.4
2012 242  0 120.6
2012 243  0 130.2
2012 244  0 132.9
2012 245  0 148.2
2012 246  0 144.7
2012 247  0 144.0
2012 248  0 139.9
2012 249  0 134.9
2012 250  0 130.0
2012 251  0 135.4
2012 252  0 130.5
2012 253  0 124.8
2012 254  0 112.8
2012 255  0 106.4
2012 256  0 103.8
2012 257  0 100.3
2012 258  0 101.7
2012 259  0  98.6
2012 260  0  98.3
2012 261  0 102.5
2012 262  0 105.3
2012 263  0 110.8
2012 264  0 118.4
2012 265  0 117.8
2012 266  0 125.3
2012 267  0 134.4
2012 268  0 137.4
2012 269  0 140.6
2012 270  0 139.9
2012 271  0 133.8
2012 272  0 138.3
2012 273  0 136.4
2012 274  0 135.9
2012 275  0 128.3
2012 276  0 118.3
2012 277  0 111.8
2012 278  0 109.5
2012 279  0 106.1
2012 280  0  98.7
2012 281  0  97.9
2012 282  0 103.2
2012 283  0 105.9
2012 284  0 111.6
2012 285  0 116.2
2012 286  0 121.3
2012 287  0 124.3
2012 288  0 131.3
2012 289  0 135.9
2012 290  0 136.1
2012 291  0 134.1
2012 292  0 136.5
2012 293  0 140.3
2012 294  0 150.1
2012 295  0 142.8
2012 296  0 153.9
2012 297  0 140.1
2012 298  0 134.1
2012 299  0 128.5
2012 300  0 129.1
2012 301  0 120.2
2012 302  0 115.4
2012 303  0 106.9
2012 304  0 104.8
2012 305  0 102.7
2012 306  0  96.8
2012 307  0  94.9
2012 308  0  91.8
2012 309  0  93.4
2012 310  0  94.9
2012 311  0  96.9
2012 312  0  99.8
2012 313  0 102.2
2012 314  0 112.9
2012 315  0 119.8
2012 316  0 130.6
2012 317  0 140.8
2012 318  0 143.1
2012 319  0 139.1
2012 320  0 138.6
2012 321  0 135.2
2012 322  0 132.4
2012 323  0 137.7
2012 324  0 130.7
2012 325  0 137.8
2012 326  0 137.0
2012 327  0 124.5
2012 328  0 123.5
2012 329  0 115.0
2012 330  0 118.4
2012 331  0 118.6
2012 332  0 114.0
2012 333  0 111.2
2012 334  0 110.0
2012 335  0 107.5
2012 336  0  98.8
2012 337  0  94.9
2012 338  0  93.9
2012 339  0  93.4
2012 340  0  92.7
2012 341  0  94.6
2012 342  0  94.2
2012 343  0  98.1
2012 344  0 100.6
2012 345  0 100.9
2012 346  0 100.5
2012 347  0 108.4
2012 348  0 113.0
2012 349  0 115.5
2012 350  0 118.5
2012 351  0 115.8
2012 352  0 111.3
2012 353  0 112.5
2012 354  0 109.8
2012 355  0 110.4
2012 356  0 110.9
2012 357  0 111.6
2012 358  0 110.4
2012 359  0 109.4
2012 360  0 109.3
2012 361  0 106.2
2012 362  0 103.2
2012 363  0 102.3
2012 364  0 100.9
2012 365  0 103.2
2012 366  0 109.8
2013   1  0 113.9
2013   2  0 115.0
2013   3  0 124.6
2013   4  0 138.4
2013   5  0 140.3
2013   6  0 137.5
2013   7  0 144.8
2013   8  0 150.5
2013   9  0 163.8
2013  10  0 168.2
2013  11  0 166.7
2013  12  0 163.0
2013  13  0 151.4
2013  14  0 149.1
2013  15  0 135.2
2013  16  0 132.6
2013  17  0 118.8
2013  18  0 111.5
2013  19  0 103.3
2013  20  0 103.2
2013  21  0 104.9
2013  22  0 106.9
2013  23  0 101.6
2013  24  0 100.2
2013  25  0  97.5
2013  26  0  96.3
2013  27  0  94.7
2013  28  0  94.7
2013  29  0  92.6
2013  30  0  93.8
2013  31  0  99.7
2013  32  0 100.7
2013  33  0 108.6
2013  34  0 107.9
2013  35  0 103.7
2013  36  0 102.2
2013  37  0 100.7
2013  38  0 100.0
2013  39  0 101.4
2013  40  0 104.8
2013  41  0 103.2
2013  42  0 102.5
2013  43  0  99.2
2013  44  0  97.8
2013  45  0  97.0
2013  46  0  97.7
2013  47  0 100.8
2013  48  0 103.1
2013  49  0 102.3
2013  50  0 109.9
2013  51  0 111.0
2013  52  0 106.2
2013  53  0 104.7
2013  54  0  97.5
2013  55  0  93.0
2013  56  0  93.5
2013  57  0  96.8
2013  58  0 100.0
2013  59  0 103.6
2013  60  0 110.6
2013  61  0 109.1
2013  62  0 110.1
2013  63  0 112.4
2013  64  0 116.6
2013  65  0 112.6
2013  66  0 112.1
2013  67  0 113.3
2013  68  0 114.6
2013  69  0 117.7
2013  70  0 118.2
2013  71  0 121.5
2013  72  0 121.5
2013  73  0 121.5
2013  74  0 121.8
2013  75  0 124.8
2013  76  0 124.5
2013  77  0 116.6
2013  78  0 109.5
2013  79  0 106.7
2013  80  0 105.3
2013  81  0 100.2
2013  82  0  97.6
2013  83  0  95.4
2013  84  0  92.2
2013  85  0  92.0
2013  86  0  92.6
2013  87  0  98.3
2013  88  0 104.8
2013  89  0 108.2
2013  90  0 113.1
2013  91  0 119.0
2013  92  0 122.1
2013  93  0 127.0
2013  94  0 128.6
2013  95  0 134.5
2013  96  0 137.3
2013  97  0 138.2
2013  98  0 139.6
2013  99  0 147.0
2013 100  0 148.6
2013 101  0 137.8
2013 102  0 138.6
2013 103  0 125.8
2013 104  0 117.5
2013 105  0 114.1
2013 106  0 114.1
2013 107  0 107.1
2013 108  0 105.9
2013 109  0 100.3
2013 110  0 105.9
2013 111  0 110.5
2013 112  0 114.1
2013 113  0 118.8
2013 114  0 116.1
2013 115  0 120.7
2013 116  0 123.5
2013 117  0 128.8
2013 118  0 133.5
2013 119  0 144.5
2013 120  0 156.7
2013 121  0 161.7
2013 122  0 151.8
2013 123  0 150.4
2013 124  0 144.1
2013 125  0 139.5
2013 126  0 133.0
2013 127  0 131.1
2013 128  0 129.3
2013 129  0 130.9
2013 130  0 127.3
2013 131  0 139.4
2013 132  0 150.4
2013 133  0 153.5
2013 134  0 151.1
2013 135  0 148.8
2013 136  0 148.0
2013 137  0 139.6
2013 138  0 135.2
2013 139  0 138.5
2013 140  0 135.2
2013 141  0 128.4
2013 142  0 136.7
2013 143  0 137.9
2013 144  0 130.6
2013 145  0 124.5
2013 146  0 123.2
2013 147  0 113.1
2013 148  0 107.6
2013 149  0 109.8
2013 150  0 106.9
2013 151  0 104.7
2013 152  0 108.8
2013 153  0 114.1
2013 154  0 115.0
2013 155  0 113.1
2013 156  0 112.1
2013 157  0 112.3
2013 158  0 113.1
2013 159  0 106.3
2013 160  0  99.0
2013 161  0  96.2
2013 162  0  92.3
2013 163  0  96.2
2013 164  0 102.0
2013 165  0 112.6
2013 166  0 114.5
2013 167  0 119.7
2013 168  0 127.8
2013 169  0 128.8
2013 170  0 127.4
2013 171  0 130.5
2013 172  0 137.6
2013 173  0 134.2
2013 174  0 132.4
2013 175  0 124.6
2013 176  0 112.9
2013 177  0 110.1
2013 178  0 102.9
2013 179  0 104.3
2013 180  0 103.6
2013 181  0 106.3
2013 182  0 111.4
2013 183  0 118.1
2013 184  0 128.7
2013 185  0 142.3
2013 186  0 145.6
2013 187  0 138.7
2013 188  0 129.8
2013 189  0 123.3
2013 190  0 124.0
2013 191  0 121.9
2013 192  0 117.1
2013 193  0 121.6
2013 194  0 117.8
2013 195  0 116.7
2013 196  0 117.9
2013 197  0 117.6
2013 198  0 114.9
2013 199  0 118.6
2013 200  0 117.3
2013 201  0 116.1
2013 202  0 112.9
2013 203  0 113.4
2013 204  0 110.1
2013 205  0 111.0
2013 206  0 110.3
2013 207  0 112.9
2013 208  0 111.3
2013 209  0 112.7
2013 210  0 115.6
2013 211  0 116.5
2013 212  0 112.0
2013 213  0 115.4
2013 214  0 116.2
2013 215  0 110.5
2013 216  0 107.9
2013 217  0 107.3
2013 218  0 106.8
2013 219  0 108.5
2013 220  0 107.3
2013 221  0 106.5
2013 222  0 105.3
2013 223  0 113.4
2013 224  0 117.2
2013 225  0 125.1
2013 226  0 128.5
2013 227  0 125.8
2013 228  0 122.9
2013 229  0 153.4
2013 230  0 129.2
2013 231  0 131.4
2013 232  0 134.6
2013 233  0 133.4
2013 234  0 134.5
2013 235  0 126.8
2013 236  0 119.9
2013 237  0 115.0
2013 238  0 113.5
2013 239  0 111.9
2013 240  0 110.3
2013 241  0 111.0
2013 242  0 109.5
2013 243  0 109.5
2013 244  0 105.6
2013 245  0 107.5
2013 246  0 107.9
2013 247  0 111.1
2013 248  0 111.9
2013 249  0 102.9
2013 250  0 100.0
2013 251  0  97.1
2013 252  0  95.6
2013 253  0  96.2
2013 254  0  94.1
2013 255  0  94.1
2013 256  0  92.7
2013 257  0  93.6
2013 258  0  93.8
2013 259  0  95.5
2013 260  0  99.7
2013 261  0 105.1
2013 262  0 108.9
2013 263  0 110.0
2013 264  0 111.2
2013 265  0 111.9
2013 266  0 108.5
2013 267  0 110.9
2013 268  0 111.7
2013 269  0 110.5
2013 270  0 108.3
2013 271  0 106.0
2013 272  0 103.4
2013 273  0 105.2
2013 274  0 107.0
2013 275  0 108.3
2013 276  0 113.9
2013 277  0 109.2
2013 278  0 105.9
2013 279  0 106.5
2013 280  0 111.8
2013 281  0 111.7
2013 282  0 113.1
2013 283  0 120.3
2013 284  0 128.5
2013 285  0 127.3
2013 286  0 128.6
2013 287  0 124.3
2013 288  0 124.5
2013 289  0 127.2
2013 290  0 135.1
2013 291  0 138.8
2013 292  0 131.6
2013 293  0 132.2
2013 294  0 134.5
2013 295  0 144.8
2013 296  0 151.1
2013 297  0 158.8
2013 298  0 159.6
2013 299  0 169.7
2013 300  0 164.8
2013 301  0 157.8
2013 302  0 150.6
2013 303  0 139.9
2013 304  0 140.5
2013 305  0 144.2
2013 306  0 139.4
2013 307  0 141.1
2013 308  0 144.9
2013 309  0 145.9
2013 310  0 150.8
2013 311  0 145.3
2013 312  0 143.3
2013 313  0 145.2
2013 314  0 151.1
2013 315  0 160.4
2013 316  0 164.0
2013 317  0 167.4
2013 318  0 172.0
2013 319  0 174.0
2013 320  0 170.6
2013 321  0 172.9
2013 322  0 159.5
2013 323  0 149.3
2013 324  0 143.5
2013 325  0 137.8
2013 326  0 139.2
2013 327  0 132.2
2013 328  0 123.9
2013 329  0 116.0
2013 330  0 112.4
2013 331  0 125.6
2013 332  0 129.3
2013 333  0 125.0
2013 334  0 127.6
2013 335  0 126.9
2013 336  0 130.0
2013 337  0 131.9
2013 338  0 134.0
2013 339  0 145.3
2013 340  0 146.1
2013 341  0 152.3
2013 342  0 160.6
2013 343  0 163.1
2013 344  0 169.9
2013 345  0 165.6
2013 346  0 159.8
2013 347  0 158.1
2013 348  0 159.0
2013 349  0 151.3
2013 350  0 149.4
2013 351  0 153.9
2013 352  0 151.1
2013 353  0 148.5
2013 354  0 144.4
2013 355  0 139.5
2013 356  0 133.4
2013 357  0 131.6
2013 358  0 124.1
2013 359  0 118.7
2013 360  0 120.6
2013 361  0 126.3
2013 362  0 130.1
2013 363  0 132.5
2013 364  0 138.2
2013 365  0 140.5
2014   1  0 154.3
2014   2  0 155.2
2014   3  0 176.3
2014   4  0 253.3
2014   5  0 210.3
2014   6  0 197.2
2014   7  0 229.3
2014   8  0 188.2
2014   9  0 178.1
2014  10  0 169.4
2014  11  0 160.7
2014  12  0 150.2
2014  13  0 138.7
2014  14  0 132.6
2014  15  0 122.1
2014  16  0 117.1
2014  17  0 124.7
2014  18  0 125.5
2014  19  0 123.4
2014  20  0 133.0
2014  21  0 141.4
2014  22  0 138.9
2014  23  0 132.1
2014  24  0 131.3
2014  25  0 129.1
2014  26  0 133.7
2014  27  0 139.6
2014  28  0 152.5
2014  29  0 151.8
2014  30  0 155.8
2014  31  0 160.9
2014  32  0 171.6
2014  33  0 184.4
2014  34  0 183.0
2014  35  0 182.9
2014  36  0 188.1
2014  37  0 186.1
2014  38  0 173.2
2014  39  0 167.2
2014  40  0 164.6
2014  41  0 156.8
2014  42  0 167.8
2014  43  0 156.1
2014  44  0 162.5
2014  45  0 162.5
2014  46  0 158.1
2014  47  0 150.2
2014  48  0 148.9
2014  49  0 147.9
2014  50  0 154.2
2014  51  0 153.0
2014  52  0 153.4
2014  53  0 159.7
2014  54  0 168.2
2014  55  0 167.2
2014  56  0 170.4
2014  57  0 174.7
2014  58  0 172.4
2014  59  0 167.5
2014  60  0 161.6
2014  61  0 158.5
2014  62  0 158.3
2014  63  0 155.4
2014  64  0 146.7
2014  65  0 146.5
2014  66  0 146.0
2014  67  0 139.5
2014  68  0 143.8
2014  69  0 149.5
2014  70  0 162.5
2014  71  0 145.8
2014  72  0 145.9
2014  73  0 142.1
2014  74  0 137.5
2014  75  0 134.2
2014  76  0 135.1
2014  77  0 137.0
2014  78  0 147.9
2014  79  0 150.1
2014  80  0 151.4
2014  81  0 153.8
2014  82  0 156.0
2014  83  0 157.7
2014  84  0 152.0
2014  85  0 152.5
2014  86  0 144.2
2014  87  0 145.9
2014  88  0 142.3
2014  89  0 148.1
2014  90  0 152.1
2014  91  0 153.1
2014  92  0 154.6
2014  93  0 153.0
2014  94  0 157.0
2014  95  0 142.3
2014  96  0 141.2
2014  97  0 140.2
2014  98  0 132.4
2014  99  0 131.0
2014 100  0 137.3
2014 101  0 138.2
2014 102  0 136.5
2014 103  0 137.9
2014 104  0 151.2
2014 105  0 163.0
2014 106  0 185.2
2014 107  0 180.3
2014 108  0 173.7
2014 109  0 170.8
2014 110  0 164.1
2014 111  0 160.4
2014 112  0 146.3
2014 113  0 137.6
2014 114  0 131.6
2014 115  0 126.2
2014 116  0 122.3
2014 117  0 119.6
2014 118  0 122.5
2014 119  0 121.8
2014 120  0 125.5
2014 121  0 127.7
2014 122  0 137.6
2014 123  0 134.8
2014 124  0 133.7
2014 125  0 141.5
2014 126  0 141.3
2014 127  0 148.6
2014 128  0 150.8
2014 129  0 155.2
2014 130  0 155.1
2014 131  0 167.7
2014 132  0 166.3
2014 133  0 162.7
2014 134  0 166.7
2014 135  0 155.5
2014 136  0 141.8
2014 137  0 136.6
2014 138  0 130.4
2014 139  0 119.7
2014 140  0 120.1
2014 141  0 116.7
2014 142  0 114.1
2014 143  0 119.2
2014 144  0 127.7
2014 145  0 116.0
2014 146  0 111.1
2014 147  0 108.7
2014 148  0 102.1
2014 149  0 105.5
2014 150  0 104.4
2014 151  0 106.6
2014 152  0 106.2
2014 153  0 108.3
2014 154  0 110.1
2014 155  0 108.5
2014 156  0 113.8
2014 157  0 136.9
2014 158  0 140.8
2014 159  0 153.1
2014 160  0 166.1
2014 161  0 171.3
2014 162  0 173.6
2014 163  0 179.9
2014 164  0 157.5
2014 165  0 148.0
2014 166  0 134.3
2014 167  0 120.5
2014 168  0 118.0
2014 169  0 114.4
2014 170  0 114.7
2014 171  0 105.5
2014 172  0 104.5
2014 173  0  97.3
2014 174  0  95.6
2014 175  0  96.6
2014 176  0 100.2
2014 177  0 103.3
2014 178  0 107.6
2014 179  0 118.4
2014 180  0 129.9
2014 181  0 145.2
2014 182  0 156.9
2014 183  0 175.1
2014 184  0 184.1
2014 185  0 193.9
2014 186  0 199.4
2014 187  0 207.7
2014 188  0 204.5
2014 189  0 208.1
2014 190  0 205.0
2014 191  0 183.3
2014 192  0 171.8
2014 193  0 149.9
2014 194  0 131.0
2014 195  0 113.0
2014 196  0 103.9
2014 197  0  95.1
2014 198  0  91.5
2014 199  0  91.4
2014 200  0  88.9
2014 201  0  89.9
2014 202  0  93.0
2014 203  0  95.5
2014 204  0 102.2
2014 205  0 107.4
2014 206  0 109.9
2014 207  0 120.1
2014 208  0 125.2
2014 209  0 136.3
2014 210  0 146.8
2014 211  0 156.6
2014 212  0 161.1
2014 213  0 173.5
2014 214  0 160.2
2014 215  0 156.2
2014 216  0 143.3
2014 217  0 143.3
2014 218  0 140.5
2014 219  0 140.0
2014 220  0 126.4
2014 221  0 116.3
2014 222  0 111.3
2014 223  0 107.3
2014 224  0 106.8
2014 225  0 105.6
2014 226  0 105.4
2014 227  0 116.0
2014 228  0 114.8
2014 229  0 117.9
2014 230  0 113.3
2014 231  0 113.3
2014 232  0 121.1
2014 233  0 131.3
2014 234  0 129.3
2014 235  0 134.9
2014 236  0 144.0
2014 237  0 154.8
2014 238  0 130.8
2014 239  0 125.3
2014 240  0 121.0
2014 241  0 122.5
2014 242  0 125.5
2014 243  0 127.1
2014 244  0 128.9
2014 245  0 138.7
2014 246  0 140.1
2014 247  0 148.4
2014 248  0 146.3
2014 249  0 159.8
2014 250  0 162.6
2014 251  0 166.3
2014 252  0 161.6
2014 253  0 177.0
2014 254  0 153.4
2014 255  0 154.0
2014 256  0 146.9
2014 257  0 141.0
2014 258  0 134.4
2014 259  0 134.1
2014 260  0 134.2
2014 261  0 121.3
2014 262  0 122.8
2014 263  0 120.1
2014 264  0 124.9
2014 265  0 136.8
2014 266  0 139.1
2014 267  0 145.6
2014 268  0 167.8
2014 269  0 171.0
2014 270  0 182.2
2014 271  0 181.8
2014 272  0 175.6
2014 273  0 162.6
2014 274  0 155.4
2014 275  0 149.3
2014 276  0 136.9
2014 277  0 127.6
2014 278  0 128.4
2014 279  0 129.9
2014 280  0 125.2
2014 281  0 126.2
2014 282  0 118.6
2014 283  0 120.4
2014 284  0 111.6
2014 285  0 110.0
2014 286  0 112.6
2014 287  0 131.9
2014 288  0 125.0
2014 289  0 138.0
2014 290  0 144.8
2014 291  0 171.1
2014 292  0 171.7
2014 293  0 202.2
2014 294  0 197.1
2014 295  0 214.2
2014 296  0 224.8
2014 297  0 215.4
2014 298  0 216.8
2014 299  0 214.0
2014 300  0 185.4
2014 301  0 165.1
2014 302  0 148.4
2014 303  0 138.4
2014 304  0 119.5
2014 305  0 118.1
2014 306  0 122.4
2014 307  0 123.2
2014 308  0 127.3
2014 309  0 142.7
2014 310  0 133.1
2014 311  0 142.9
2014 312  0 129.6
2014 313  0 129.2
2014 314  0 133.4
2014 315  0 139.5
2014 316  0 149.8
2014 317  0 150.3
2014 318  0 157.6
2014 319  0 157.1
2014 320  0 167.7
2014 321  0 163.8
2014 322  0 163.6
2014 323  0 165.7
2014 324  0 164.1
2014 325  0 158.6
2014 326  0 162.6
2014 327  0 168.8
2014 328  0 140.7
2014 329  0 165.0
2014 330  0 166.5
2014 331  0 174.1
2014 332  0 176.6
2014 333  0 172.5
2014 334  0 172.4
2014 335  0 163.4
2014 336  0 163.0
2014 337  0 149.8
2014 338  0 153.0
2014 339  0 132.8
2014 340  0 125.0
2014 341  0 127.9
2014 342  0 128.7
2014 343  0 135.5
2014 344  0 145.3
2014 345  0 143.0
2014 346  0 149.4
2014 347  0 154.9
2014 348  0 161.2
2014 349  0 164.0
2014 350  0 178.8
2014 351  0 192.3
2014 352  0 206.4
2014 353  0 208.9
2014 354  0 196.7
2014 355  0 199.2
2014 356  0 173.4
2014 357  0 160.5
2014 358  0 146.5
2014 359  0 140.6
2014 360  0 132.5
2014 361  0 129.7
2014 362  0 128.2
2014 363  0 127.1
2014 364  0 126.0
2014 365  0 129.2
2015   1  0 132.9
2015   2  0 141.0
2015   3  0 143.8
2015   4  0 144.8
2015   5  0 137.2
2015   6  0 137.2
2015   7  0 142.4
2015   8  0 152.0
2015   9  0 146.2
2015  10  0 146.9
2015  11  0 148.6
2015  12  0 153.4
2015  13  0 999.9
2015  14  0 137.2
2015  15  0 127.1
2015  16  0 120.7
2015  17  0 118.0
2015  18  0 121.7
2015  19  0 125.9
2015  20  0 121.6
2015  21  0 120.0
2015  22  0 116.6
2015  23  0 117.3
2015  24  0 121.4
2015  25  0 122.7
2015  26  0 142.5
2015  27  0 153.3
2015  28  0 154.5
2015  29  0 166.7
2015  30  0 154.6
2015  31  0 149.0
2015  32  0 137.6
2015  33  0 139.8
2015  34  0 145.1
2015  35  0 150.1
2015  36  0 138.0
2015  37  0 139.3
2015  38  0 148.9
2015  39  0 148.7
2015  40  0 141.9
2015  41  0 137.3
2015  42  0 127.7
2015  43  0 124.4
2015  44  0 121.8
2015  45  0 117.4
2015  46  0 116.7
2015  47  0 115.3
2015  48  0 115.7
2015  49  0 118.2
2015  50  0 116.0
2015  51  0 117.0
2015  52  0 113.6
2015  53  0 115.0
2015  54  0 114.3
2015  55  0 112.1
2015  56  0 108.8
2015  57  0 109.1
2015  58  0 115.7
2015  59  0 121.1
2015  60  0 125.3
2015  61  0 128.1
2015  62  0 122.9
2015  63  0 122.1
2015  64  0 137.9
2015  65  0 125.4
2015  66  0 135.7
2015  67  0 122.3
2015  68  0 121.2
2015  69  0 119.2
2015  70  0 129.9
2015  71  0 125.1
2015  72  0 117.9
2015  73  0 114.3
2015  74  0 113.1
2015  75  0 116.0
2015  76  0 113.2
2015  77  0 113.7
2015  78  0 108.3
2015  79  0 111.8
2015  80  0 112.7
2015  81  0 121.5
2015  82  0 127.2
2015  83  0 132.2
2015  84  0 137.0
2015  85  0 135.5
2015  86  0 137.2
2015  87  0 145.1
2015  88  0 144.0
2015  89  0 133.3
2015  90  0 127.8
2015  91  0 123.9
2015  92  0 121.2
2015  93  0 119.8
2015  94  0 122.4
2015  95  0 122.3
2015  96  0 125.8
2015  97  0 111.4
2015  98  0 106.3
2015  99  0 111.6
2015 100  0 115.5
2015 101  0 123.5
2015 102  0 134.6
2015 103  0 142.1
2015 104  0 147.7
2015 105  0 155.7
2015 106  0 151.3
2015 107  0 150.8
2015 108  0 148.9
2015 109  0 153.0
2015 110  0 151.0
2015 111  0 155.3
2015 112  0 151.8
2015 113  0 142.0
2015 114  0 136.0
2015 115  0 127.4
2015 116  0 120.0
2015 117  0 108.9
2015 118  0 109.2
2015 119  0 105.5
2015 120  0 103.3
2015 121  0 101.4
2015 122  0 107.3
2015 123  0 112.9
2015 124  0 125.4
2015 125  0 130.0
2015 126  0 138.6
2015 127  0 149.2
2015 128  0 152.6
2015 129  0 157.5
2015 130  0 163.1
2015 131  0 166.2
2015 132  0 166.5
2015 133  0 160.3
2015 134  0 148.2
2015 135  0 139.5
2015 136  0 134.0
2015 137  0 122.3
2015 138  0 117.6
2015 139  0 112.9
2015 140  0 108.2
2015 141  0 104.3
2015 142  0 101.6
2015 143  0 100.2
2015 144  0 101.2
2015 145  0  99.0
2015 146  0  97.0
2015 147  0  97.8
2015 148  0  95.5
2015 149  0  94.8
2015 150  0  97.7
2015 151  0  97.0
2015 152  0 103.2
2015 153  0 103.9
2015 154  0 111.6
2015 155  0 121.4
2015 156  0 129.7
2015 157  0 136.6
2015 158  0 141.4
2015 159  0 138.2
2015 160  0 140.6
2015 161  0 139.5
2015 162  0 144.2
2015 163  0 141.0
2015 164  0 140.3
2015 165  0 135.8
2015 166  0 139.1
2015 167  0 140.5
2015 168  0 140.2
2015 169  0 155.7
2015 170  0 141.8
2015 171  0 139.8
2015 172  0 136.0
2015 173  0 255.0
2015 174  0 119.9
2015 175  0 113.1
2015 176  0 105.2
2015 177  0 104.6
2015 178  0 100.5
2015 179  0 100.5
2015 180  0 100.4
2015 181  0 104.2
2015 182  0 113.3
2015 183  0 117.6
2015 184  0 116.1
2015 185  0 120.7
2015 186  0 129.0
2015 187  0 137.9
2015 188  0 137.1
2015 189  0 133.2
2015 190  0 126.0
2015 191  0 133.3
2015 192  0 124.3
2015 193  0 119.9
2015 194  0 113.8
2015 195  0 108.7
2015 196  0 104.4
2015 197  0 102.9
2015 198  0 100.6
2015 199  0  99.1
2015 200  0 102.6
2015 201  0  96.3
2015 202  0  94.0
2015 203  0  91.9
2015 204  0  92.2
2015 205  0  95.2
2015 206  0  96.9
2015 207  0 100.1
2015 208  0 103.2
2015 209  0 104.2
2015 210  0 103.8
2015 211  0 105.1
2015 212  0 103.8
2015 213  0 106.0
2015 214  0 104.5
2015 215  0 108.7
2015 216  0 109.9
2015 217  0 115.5
2015 218  0 125.1
2015 219  0 125.5
2015 220  0 124.4
2015 221  0 117.6
2015 222  0 109.1
2015 223  0 105.6
2015 224  0 101.9
2015 225  0  97.3
2015 226  0  95.7
2015 227  0  91.7
2015 228  0  87.8
2015 229  0  89.2
2015 230  0  90.9
2015 231  0 100.6
2015 232  0 105.3
2015 233  0 121.4
2015 234  0 119.6
2015 235  0 136.1
2015 236  0 130.6
2015 237  0 123.9
2015 238  0 128.9
2015 239  0 112.5
2015 240  0 111.3
2015 241  0 102.1
2015 242  0  93.4
2015 243  0  92.7
2015 244  0  90.7
2015 245  0  89.8
2015 246  0  88.0
2015 247  0  91.5
2015 248  0  86.8
2015 249  0  86.9
2015 250  0  85.0
2015 251  0  84.7
2015 252  0  83.5
2015 253  0  84.6
2015 254  0  94.1
2015 255  0 100.4
2015 256  0 100.0
2015 257  0  97.7
2015 258  0 102.2
2015 259  0 110.6
2015 260  0 107.9
2015 261  0 103.8
2015 262  0 106.7
2015 263  0 111.3
2015 264  0 104.2
2015 265  0 107.8
2015 266  0 111.4
2015 267  0 107.4
2015 268  0 120.5
2015 269  0 120.8
2015 270  0 128.1
2015 271  0 124.5
2015 272  0 129.6
2015 273  0 131.5
2015 274  0 120.0
2015 275  0 107.6
2015 276  0  97.0
2015 277  0  88.3
2015 278  0  82.6
2015 279  0  81.3
2015 280  0  80.4
2015 281  0  79.5
2015 282  0  81.0
2015 283  0  81.2
2015 284  0  84.3
2015 285  0  88.7
2015 286  0  95.2
2015 287  0 100.2
2015 288  0 106.1
2015 289  0 108.4
2015 290  0 115.8
2015 291  0 118.6
2015 292  0 122.7
2015 293  0 121.7
2015 294  0 127.8
2015 295  0 119.3
2015 296  0 113.7
2015 297  0 105.2
2015 298  0 105.2
2015 299  0 104.9
2015 300  0 108.7
2015 301  0 110.7
2015 302  0 111.4
2015 303  0 119.5
2015 304  0 116.7
2015 305  0 122.4
2015 306  0 120.1
2015 307  0 122.2
2015 308  0 112.0
2015 309  0 108.1
2015 310  0 113.2
2015 311  0 112.9
2015 312  0 105.7
2015 313  0 105.6
2015 314  0 103.3
2015 315  0 102.9
2015 316  0 101.4
2015 317  0 100.8
2015 318  0 104.1
2015 319  0 103.5
2015 320  0 103.2
2015 321  0 104.6
2015 322  0 105.1
2015 323  0 105.6
2015 324  0 108.4
2015 325  0 119.2
2015 326  0 119.9
2015 327  0 116.7
2015 328  0 110.3
2015 329  0 106.2
2015 330  0 101.2
2015 331  0  96.3
2015 332  0  94.0
2015 333  0  92.9
2015 334  0  93.1
2015 335  0  91.9
2015 336  0  92.6
2015 337  0  91.8
2015 338  0  94.8
2015 339  0  97.6
2015 340  0  99.3
2015 341  0  97.8
2015 342  0 107.9
2015 343  0 105.5
2015 344  0 105.2
2015 345  0 110.3
2015 346  0 113.1
2015 347  0 118.7
2015 348  0 120.2
2015 349  0 115.2
2015 350  0 122.2
2015 351  0 114.0
2015 352  0 113.3
2015 353  0 115.2
2015 354  0 112.8
2015 355  0 117.8
2015 356  0 125.8
2015 357  0 129.5
2015 358  0 128.4
2015 359  0 122.3
2015 360  0 113.5
2015 361  0 106.7
2015 362  0 108.4
2015 363  0 101.9
2015 364  0  98.1
2015 365  0  93.0
2016   1  0  95.1
2016   2  0  96.6
2016   3  0  98.5
2016   4  0  92.2
2016   5  0  92.1
2016   6  0  96.9
2016   7  0  99.9
2016   8  0 104.9
2016   9  0 103.5
2016  10  0 105.4
2016  11  0 104.5
2016  12  0 102.0
2016  13  0 100.7
2016  14  0  99.9
2016  15  0 100.1
2016  16  0  96.7
2016  17  0  97.4
2016  18  0  96.7
2016  19  0  94.4
2016  20  0  97.2
2016  21  0 100.7
2016  22  0  97.3
2016  23  0  95.8
2016  24  0 100.6
2016  25  0 104.3
2016  26  0 111.3
2016  27  0 109.3
2016  28  0 106.6
2016  29  0 103.7
2016  30  0 102.0
2016  31  0  98.3
2016  32  0  97.3
2016  33  0  99.1
2016  34  0 108.9
2016  35  0 119.8
2016  36  0 116.3
2016  37  0 113.9
2016  38  0 113.9
2016  39  0 112.1
2016  40  0 114.1
2016  41  0 109.2
2016  42  0 109.8
2016  43  0 109.3
2016  44  0 107.5
2016  45  0 105.4
2016  46  0 104.7
2016  47  0 101.5
2016  48  0  97.5
2016  49  0  92.7
2016  50  0  91.9
2016  51  0  97.8
2016  52  0  93.5
2016  53  0  91.7
2016  54  0  89.1
2016  55  0  86.1
2016  56  0  89.9
2016  57  0  87.2
2016  58  0  88.6
2016  59  0  91.5
2016  60  0  89.3
2016  61  0  95.1
2016  62  0  96.5
2016  63  0  97.1
2016  64  0  98.9
2016  65  0  94.7
2016  66  0  94.1
2016  67  0  92.8
2016  68  0  94.2
2016  69  0  96.0
2016  70  0  93.7
2016  71  0  93.0
2016  72  0  93.9
2016  73  0  91.5
2016  74  0  92.4
2016  75  0  93.1
2016  76  0  90.1
2016  77  0  90.7
2016  78  0  89.5
2016  79  0  88.6
2016  80  0  86.9
2016  81  0  88.2
2016  82  0  86.7
2016  83  0  86.2
2016  84  0  86.0
2016  85  0  85.1
2016  86  0  85.1
2016  87  0  87.9
2016  88  0  87.4
2016  89  0  87.5
2016  90  0  83.6
2016  91  0  81.6
2016  92  0  82.0
2016  93  0  81.5
2016  94  0  82.3
2016  95  0  83.5
2016  96  0  83.5
2016  97  0  87.2
2016  98  0  92.5
2016  99  0  98.6
2016 100  0 105.9
2016 101  0 111.1
2016 102  0 117.2
2016 103  0 111.9
2016 104  0 108.8
2016 105  0 111.8
2016 106  0 113.2
2016 107  0 114.0
2016 108  0 102.9
2016 109  0  95.4
2016 110  0  89.9
2016 111  0  84.0
2016 112  0  77.5
2016 113  0  77.5
2016 114  0  79.6
2016 115  0  82.8
2016 116  0  82.9
2016 117  0  86.3
2016 118  0  93.8
2016 119  0  96.3
2016 120  0  93.8
2016 121  0  95.4
2016 122  0  93.6
2016 123  0  91.3
2016 124  0  91.5
2016 125  0  91.6
2016 126  0  88.7
2016 127  0  91.2
2016 128  0  89.7
2016 129  0  85.6
2016 130  0  90.2
2016 131  0  90.5
2016 132  0  95.8
2016 133  0  93.9
2016 134  0  95.4
2016 135  0 103.4
2016 136  0 110.8
2016 137  0 104.3
2016 138  0 105.6
2016 139  0 104.7
2016 140  0 101.2
2016 141  0 102.0
2016 142  0 100.2
2016 143  0  99.8
2016 144  0  99.8
2016 145  0  96.7
2016 146  0  96.1
2016 147  0  94.2
2016 148  0  92.8
2016 149  0  90.1
2016 150  0  85.3
2016 151  0  88.7
2016 152  0  89.0
2016 153  0  88.4
2016 154  0  87.7
2016 155  0  85.7
2016 156  0  82.4
2016 157  0  81.5
2016 158  0  80.8
2016 159  0  80.8
2016 160  0  82.6
2016 161  0  87.8
2016 162  0  87.5
2016 163  0  90.9
2016 164  0  97.1
2016 165  0  93.9
2016 166  0  90.4
2016 167  0  90.1
2016 168  0  91.0
2016 169  0  89.4
2016 170  0  86.3
2016 171  0  87.9
2016 172  0  87.1
2016 173  0  82.9
2016 174  0  80.9
2016 175  0  80.0
2016 176  0  78.2
2016 177  0  79.6
2016 178  0  79.2
2016 179  0  78.0
2016 180  0  75.5
2016 181  0  76.0
2016 182  0  75.4
2016 183  0  74.4
2016 184  0  73.3
2016 185  0  74.8
2016 186  0  76.3
2016 187  0  74.9
2016 188  0  79.7
2016 189  0  86.1
2016 190  0  90.0
2016 191  0  95.3
2016 192  0  97.6
2016 193  0  97.8
2016 194  0  95.5
2016 195  0 100.0
2016 196  0  98.2
2016 197  0 105.4
2016 198  0 110.1
2016 199  0 108.6
2016 200  0 110.6
2016 201  0 104.1
2016 202  0 111.5
2016 203  0 103.3
2016 204  0  93.3
2016 205  0  88.9
2016 206  0  84.8
2016 207  0  75.9
2016 208  0  75.9
2016 209  0  73.8
2016 210  0  72.5
2016 211  0  72.6
2016 212  0  73.1
2016 213  0  73.7
2016 214  0  74.1
2016 215  0  77.1
2016 216  0  77.0
2016 217  0  78.5
2016 218  0  82.1
2016 219  0  85.5
2016 220  0  95.3
2016 221  0  99.0
2016 222  0  94.9
2016 223  0  97.6
2016 224  0  97.2
2016 225  0  97.3
2016 226  0  92.9
2016 227  0  89.4
2016 228  0  89.8
2016 229  0  88.7
2016 230  0  84.9
2016 231  0  84.4
2016 232  0  82.7
2016 233  0  80.0
2016 234  0  78.4
2016 235  0  81.8
2016 236  0  83.1
2016 237  0  79.7
2016 238  0  80.3
2016 239  0  83.6
2016 240  0  85.6
2016 241  0  87.1
2016 242  0  89.5
2016 243  0 102.3
2016 244  0  99.3
2016 245  0  96.9
2016 246  0  96.3
2016 247  0 100.7
2016 248  0  99.0
2016 249  0  95.3
2016 250  0  93.9
2016 251  0  94.4
2016 252  0  95.9
2016 253  0  92.3
2016 254  0  94.3
2016 255  0  87.5
2016 256  0  87.5
2016 257  0  87.0
2016 258  0  86.2
2016 259  0  85.3
2016 260  0  84.5
2016 261  0  81.0
2016 262  0  83.8
2016 263  0  83.3
2016 264  0  85.2
2016 265  0  86.1
2016 266  0  85.7
2016 267  0  86.1
2016 268  0  85.4
2016 269  0  85.1
2016 270  0  87.2
2016 271  0  85.9
2016 272  0  84.8
2016 273  0  83.0
2016 274  0  80.8
2016 275  0  81.2
2016 276  0  82.4
2016 277  0  87.9
2016 278  0  93.1
2016 279  0  99.3
2016 280  0 101.4
2016 281  0 104.0
2016 282  0 104.1
2016 283  0 104.2
2016 284  0 101.6
2016 285  0  98.8
2016 286  0  97.2
2016 287  0  94.8
2016 288  0  92.3
2016 289  0  84.4
2016 290  0  80.4
2016 291  0  75.6
2016 292  0  76.8
2016 293  0  75.8
2016 294  0  74.0
2016 295  0  77.1
2016 296  0  76.7
2016 297  0  76.0
2016 298  0  74.5
2016 299  0  76.9
2016 300  0  77.1
2016 301  0  77.8
2016 302  0  78.2
2016 303  0  78.0
2016 304  0  75.1
2016 305  0  75.5
2016 306  0  75.4
2016 307  0  74.8
2016 308  0  74.4
2016 309  0  75.4
2016 310  0  75.3
2016 311  0  74.9
2016 312  0  75.1
2016 313  0  75.4
2016 314  0  78.3
2016 315  0  78.6
2016 316  0  76.8
2016 317  0  76.8
2016 318  0  76.2
2016 319  0  75.6
2016 320  0  74.9
2016 321  0  79.1
2016 322  0  76.8
2016 323  0  75.8
2016 324  0  74.9
2016 325  0  74.6
2016 326  0  73.1
2016 327  0  75.4
2016 328  0  75.7
2016 329  0  77.0
2016 330  0  78.8
2016 331  0  79.1
2016 332  0  80.4
2016 333  0  82.9
2016 334  0  83.1
2016 335  0  81.3
2016 336  0  82.1
2016 337  0  82.0
2016 338  0  82.2
2016 339  0  80.0
2016 340  0  80.3
2016 341  0  77.4
2016 342  0  74.9
2016 343  0  72.6
2016 344  0  70.7
2016 345  0  70.0
2016 346  0  69.2
2016 347  0  68.6
2016 348  0  69.0
2016 349  0  70.1
2016 350  0  70.2
2016 351  0  70.3
2016 352  0  69.8
2016 353  0  70.0
2016 354  0  70.5
2016 355  0  72.5
2016 356  0  72.6
2016 357  0  72.4
2016 358  0  71.3
2016 359  0  70.7
2016 360  0  70.1
2016 361  0  71.4
2016 362  0  71.3
2016 363  0  70.9
2016 364  0  70.9
2016 365  0  71.2
2016 366  0  71.1
2017   1  0  70.1
2017   2  0  70.6
2017   3  0  71.0
2017   4  0  70.0
2017   5  0  70.9
2017   6  0  69.6
2017   7  0  69.7
2017   8  0  69.2
2017   9  0  68.9
2017  10  0  70.3
2017  11  0  72.0
2017  12  0  73.0
2017  13  0  72.4
2017  14  0  74.1
2017  15  0  75.0
2017  16  0  75.8
2017  17  0  76.1
2017  18  0  76.1
2017  19  0  77.0
2017  20  0  80.6
2017  21  0  83.4
2017  22  0  84.0
2017  23  0  81.5
2017  24  0  79.7
2017  25  0  82.5
2017  26  0  80.6
2017  27  0  77.9
2017  28  0  76.1
2017  29  0  74.4
2017  30  0  74.7
2017  31  0  73.8
2017  32  0  73.9
2017  33  0  73.1
2017  34  0  73.0
2017  35  0  71.9
2017  36  0  70.6
2017  37  0  70.5
2017  38  0  70.1
2017  39  0  71.1
2017  40  0  71.5
2017  41  0  72.1
2017  42  0  73.8
2017  43  0  74.3
2017  44  0  73.0
2017  45  0  72.7
2017  46  0  73.0
2017  47  0  72.2
2017  48  0  72.8
2017  49  0  74.9
2017  50  0  76.4
2017  51  0  78.9
2017  52  0  80.7
2017  53  0  81.4
2017  54  0  81.6
2017  55  0  80.5
2017  56  0  78.5
2017  57  0  77.5
2017  58  0  80.6
2017  59  0  80.1
2017  60  0  79.3
2017  61  0  77.8
2017  62  0  76.7
2017  63  0  73.9
2017  64  0  71.6
2017  65  0  71.3
2017  66  0  70.6
2017  67  0  69.6
2017  68  0  70.3
2017  69  0  70.0
2017  70  0  69.1
2017  71  0  69.2
2017  72  0  69.5
2017  73  0  68.8
2017  74  0  69.1
2017  75  0  69.7
2017  76  0  69.9
2017  77  0  69.6
2017  78  0  70.5
2017  79  0  72.1
2017  80  0  70.5
2017  81  0  72.0
2017  82  0  71.5
2017  83  0  71.9
2017  84  0  73.7
2017  85  0  76.8
2017  86  0  82.5
2017  87  0  83.4
2017  88  0  83.1
2017  89  0  85.7
2017  90  0  90.4
2017  91  0 100.9
2017  92  0 111.9
2017  93  0 107.9
2017  94  0  93.9
2017  95  0  84.7
2017  96  0  75.8
2017  97  0  74.1
2017  98  0  73.3
2017  99  0  74.7
2017 100  0  73.9
2017 101  0  74.9
2017 102  0  71.8
2017 103  0  73.9
2017 104  0  73.3
2017 105  0  73.5
2017 106  0  75.0
2017 107  0  75.8
2017 108  0  86.4
2017 109  0  81.6
2017 110  0  81.4
2017 111  0  83.1
2017 112  0  84.5
2017 113  0  83.4
2017 114  0  81.1
2017 115  0  82.3
2017 116  0  80.6
2017 117  0  79.3
2017 118  0  79.1
2017 119  0  78.2
2017 120  0  78.6
2017 121  0  76.4
2017 122  0  78.4
2017 123  0  76.2
2017 124  0  75.4
2017 125  0  74.8
2017 126  0  74.1
2017 127  0  73.0
2017 128  0  71.8
2017 129  0  70.2
2017 130  0  69.9
2017 131  0  70.5
2017 132  0  70.4
2017 133  0  71.9
2017 134  0  72.7
2017 135  0  72.2
2017 136  0  73.5
2017 137  0  73.1
2017 138  0  73.9
2017 139  0  74.0
2017 140  0  74.2
2017 141  0  75.3
2017 142  0  76.3
2017 143  0  77.9
2017 144  0  79.9
2017 145  0  78.1
2017 146  0  82.4
2017 147  0  84.1
2017 148  0  81.0
2017 149  0  77.9
2017 150  0  75.7
2017 151  0  76.2
2017 152  0  77.9
2017 153  0  80.4
2017 154  0  80.2
2017 155  0  79.9
2017 156  0  81.8
2017 157  0  77.6
2017 158  0  77.8
2017 159  0  76.2
2017 160  0  76.0
2017 161  0  77.0
2017 162  0  76.6
2017 163  0  77.5
2017 164  0  77.2
2017 165  0  76.4
2017 166  0  79.9
2017 167  0  75.8
2017 168  0  77.2
2017 169  0  77.3
2017 170  0  76.0
2017 171  0  76.9
2017 172  0  76.2
2017 173  0  76.1
2017 174  0  76.1
2017 175  0  76.6
2017 176  0  76.2
2017 177  0  76.2
2017 178  0  76.6
2017 179  0  74.5
2017 180  0  74.2
2017 181  0  73.9
2017 182  0  73.1
2017 183  0  73.6
2017 184  0  74.1
2017 185  0  74.2
2017 186  0  75.5
2017 187  0  78.5
2017 188  0  82.2
2017 189  0  89.5
2017 190  0  94.0
2017 191  0  98.2
2017 192  0  94.1
2017 193  0  93.2
2017 194  0  95.3
2017 195  0  97.0
2017 196  0  94.6
2017 197  0  89.3
2017 198  0  88.4
2017 199  0  80.8
2017 200  0  75.5
2017 201  0  72.5
2017 202  0  71.6
2017 203  0  71.8
2017 204  0  72.8
2017 205  0  72.3
2017 206  0  72.0
2017 207  0  70.7
2017 208  0  70.5
2017 209  0  71.6
2017 210  0  72.1
2017 211  0  71.7
2017 212  0  74.4
2017 213  0  75.7
2017 214  0  76.6
2017 215  0  77.3
2017 216  0  76.3
2017 217  0  76.3
2017 218  0  75.6
2017 219  0  74.8
2017 220  0  73.0
2017 221  0  73.4
2017 222  0  73.0
2017 223  0  71.7
2017 224  0  72.2
2017 225  0  70.0
2017 226  0  74.9
2017 227  0  76.1
2017 228  0  79.2
2017 229  0  78.5
2017 230  0  82.0
2017 231  0  88.9
2017 232  0  88.0
2017 233  0  89.1
2017 234  0  92.3
2017 235  0  87.0
2017 236  0  80.5
2017 237  0  82.5
2017 238  0  79.2
2017 239  0  79.8
2017 240  0  83.2
2017 241  0  85.9
2017 242  0  88.6
2017 243  0  93.6
2017 244  0  95.1
2017 245  0 101.7
2017 246  0 122.2
2017 247  0 185.5
2017 248  0 122.5
2017 249  0 134.9
2017 250  0 130.4
2017 251  0 118.5
2017 252  0 108.7
2017 253  0 101.6
2017 254  0  80.9
2017 255  0  76.4
2017 256  0  76.0
2017 257  0  75.1
2017 258  0  73.6
2017 259  0  72.9
2017 260  0  72.9
2017 261  0  72.9
2017 262  0  71.3
2017 263  0  74.5
2017 264  0  73.6
2017 265  0  78.1
2017 266  0  81.7
2017 267  0  87.4
2017 268  0  90.4
2017 269  0  91.1
2017 270  0  91.3
2017 271  0  91.2
2017 272  0  90.0
2017 273  0  89.6
2017 274  0  85.9
2017 275  0  86.1
2017 276  0  86.5
2017 277  0  86.8
2017 278  0  84.7
2017 279  0  84.0
2017 280  0  79.5
2017 281  0  76.5
2017 282  0  72.1
2017 283  0  70.7
2017 284  0  69.3
2017 285  0  69.9
2017 286  0  69.4
2017 287  0  68.6
2017 288  0  69.9
2017 289  0  70.4
2017 290  0  69.8
2017 291  0  72.7
2017 292  0  72.8
2017 293  0  75.1
2017 294  0  75.7
2017 295  0  76.5
2017 296  0  77.2
2017 297  0  76.7
2017 298  0  77.9
2017 299  0  76.4
2017 300  0  75.0
2017 301  0  74.4
2017 302  0  74.3
2017 303  0  74.5
2017 304  0  74.2
2017 305  0  71.5
2017 306  0  72.4
2017 307  0  72.0
2017 308  0  70.9
2017 309  0  69.9
2017 310  0  68.1
2017 311  0  67.0
2017 312  0  66.4
2017 313  0  64.6
2017 314  0  67.2
2017 315  0  65.9
2017 316  0  68.0
2017 317  0  70.6
2017 318  0  72.8
2017 319  0  72.6
2017 320  0  71.6
2017 321  0  74.7
2017 322  0  74.3
2017 323  0  72.7
2017 324  0  71.8
2017 325  0  71.4
2017 326  0  71.6
2017 327  0  70.6
2017 328  0  72.2
2017 329  0  72.4
2017 330  0  73.5
2017 331  0  71.7
2017 332  0  70.0
2017 333  0  70.6
2017 334  0  69.8
2017 335  0  68.3
2017 336  0  69.5
2017 337  0  67.0
2017 338  0  66.4
2017 339  0  66.0
2017 340  0  66.3
2017 341  0  65.9
2017 342  0  67.8
2017 343  0  69.0
2017 344  0  69.8
2017 345  0  70.1
2017 346  0  69.2
2017 347  0  69.9
2017 348  0  69.8
2017 349  0  69.5
2017 350  0  69.0
2017 351  0  68.8
2017 352  0  69.4
2017 353  0  66.6
2017 354  0  71.8
2017 355  0  73.6
2017 356  0  72.9
2017 357  0  73.7
2017 358  0  73.6
2017 359  0  73.2
2017 360  0  69.5
2017 361  0  68.6
2017 362  0  68.8
2017 363  0  69.1
2017 364  0  68.1
2017 365  0  68.3
2018   1  0  66.8
2018   2  0  67.2
2018   3  0  68.3
2018   4  0  67.2
2018   5  0  67.0
2018   6  0  67.1
2018   7  0  67.6
2018   8  0  68.0
2018   9  0  68.5
2018  10  0  68.1
2018  11  0  68.5
2018  12  0  68.6
2018  13  0  68.5
2018  14  0  68.2
2018  15  0  67.9
2018  16  0  68.8
2018  17  0  68.6
2018  18  0  68.8
2018  19  0  68.5
2018  20  0  67.4
2018  21  0  66.1
2018  22  0  67.9
2018  23  0  68.3
2018  24  0  67.7
2018  25  0  68.2
2018  26  0  67.7
2018  27  0  66.7
2018  28  0  66.4
2018  29  0  66.2
2018  30  0  66.9
2018  31  0  67.2
2018  32  0  67.0
2018  33  0  66.8
2018  34  0  67.3
2018  35  0  71.0
2018  36  0  72.0
2018  37  0  74.6
2018  38  0  74.6
2018  39  0  75.5
2018  40  0  76.1
2018  41  0  76.2
2018  42  0  76.2
2018  43  0  76.6
2018  44  0  74.1
2018  45  0  73.4
2018  46  0  70.8
2018  47  0  69.8
2018  48  0  67.4
2018  49  0  68.7
2018  50  0  67.5
2018  51  0  66.3
2018  52  0  68.7
2018  53  0  67.0
2018  54  0  66.2
2018  55  0  66.8
2018  56  0  65.9
2018  57  0  68.4
2018  58  0  66.6
2018  59  0  67.5
2018  60  0  66.0
2018  61  0  66.6
2018  62  0  66.7
2018  63  0  66.4
2018  64  0  66.5
2018  65  0  66.5
2018  66  0  66.8
2018  67  0  65.6
2018  68  0  66.6
2018  69  0  66.8
2018  70  0  66.9
2018  71  0  67.3
2018  72  0  67.7
2018  73  0  66.9
2018  74  0  68.3
2018  75  0  67.9
2018  76  0  69.0
2018  77  0  68.5
2018  78  0  69.7
2018  79  0  68.2
2018  80  0  68.8
2018  81  0  68.0
2018  82  0  67.7
2018  83  0  67.2
2018  84  0  68.0
2018  85  0  67.5
2018  86  0  68.0
2018  87  0  68.3
2018  88  0  68.8
2018  89  0  68.6
2018  90  0  68.9
2018  91  0  68.9
2018  92  0  68.4
2018  93  0  67.8
2018  94  0  68.6
2018  95  0  66.4
2018  96  0  67.4
2018  97  0  67.0
2018  98  0  68.1
2018  99  0  68.9
2018 100  0  68.8
2018 101  0  68.6
2018 102  0  70.4
2018 103  0  70.1
2018 104  0  69.9
2018 105  0  71.0
2018 106  0  69.7
2018 107  0  69.8
2018 108  0  71.4
2018 109  0  71.4
2018 110  0  73.7
2018 111  0  77.5
2018 112  0  76.5
2018 113  0  74.7
2018 114  0  73.7
2018 115  0  71.6
2018 116  0  70.3
2018 117  0  69.6
2018 118  0  71.1
2018 119  0  72.2
2018 120  0  71.3
2018 121  0  69.5
2018 122  0  68.1
2018 123  0  67.6
2018 124  0  68.9
2018 125  0  68.7
2018 126  0  68.4
2018 127  0  70.9
2018 128  0  70.9
2018 129  0  70.9
2018 130  0  71.0
2018 131  0  71.7
2018 132  0  71.2
2018 133  0  72.4
2018 134  0  71.8
2018 135  0  71.9
2018 136  0  71.5
2018 137  0  70.5
2018 138  0  71.1
2018 139  0  71.9
2018 140  0  70.4
2018 141  0  71.3
2018 142  0  72.6
2018 143  0  75.0
2018 144  0  75.6
2018 145  0  77.7
2018 146  0  74.9
2018 147  0  76.6
2018 148  0  78.9
2018 149  0  77.0
2018 150  0  77.3
2018 151  0  78.9
2018 152  0  76.9
2018 153  0  76.5
2018 154  0  75.7
2018 155  0  72.6
2018 156  0  73.4
2018 157  0  73.2
2018 158  0  71.3
2018 159  0  70.2
2018 160  0  68.8
2018 161  0  72.4
2018 162  0  72.0
2018 163  0  72.5
2018 164  0  73.0
2018 165  0  74.7
2018 166  0  72.8
2018 167  0  72.7
2018 168  0  74.6
2018 169  0  76.1
2018 170  0  79.0
2018 171  0  84.7
2018 172  0  84.2
2018 173  0  83.0
2018 174  0  79.7
2018 175  0  77.0
2018 176  0  75.2
2018 177  0  73.4
2018 178  0  72.4
2018 179  0  71.9
2018 180  0  70.9
2018 181  0  71.1
2018 182  0  70.4
2018 183  0  68.8
2018 184  0  70.5
2018 185  0  70.2
2018 186  0  70.4
2018 187  0  72.9
2018 188  0  74.4
2018 189  0  74.0
2018 190  0  75.4
2018 191  0  74.5
2018 192  0  75.8
2018 193  0  74.6
2018 194  0  74.9
2018 195  0  74.7
2018 196  0  74.1
2018 197  0  74.3
2018 198  0  73.5
2018 199  0  73.6
2018 200  0  72.8
2018 201  0  72.7
2018 202  0  72.2
2018 203  0  70.4
2018 204  0  69.1
2018 205  0  69.0
2018 206  0  67.9
2018 207  0  68.3
2018 208  0  68.6
2018 209  0  70.0
2018 210  0  70.0
2018 211  0  70.4
2018 212  0  71.0
2018 213  0  72.3
2018 214  0  72.0
2018 215  0  72.3
2018 216  0  72.5
2018 217  0  71.2
2018 218  0  71.1
2018 219  0  71.5
2018 220  0  71.6
2018 221  0  72.2
2018 222  0  71.4
2018 223  0  69.3
2018 224  0  69.9
2018 225  0  69.6
2018 226  0  70.5
2018 227  0  70.6
2018 228  0  70.0
2018 229  0  69.0
2018 230  0  68.9
2018 231  0  68.4
2018 232  0  69.6
2018 233  0  69.4
2018 234  0  68.4
2018 235  0  71.1
2018 236  0  74.0
2018 237  0  73.1
2018 238  0  72.6
2018 239  0  71.0
2018 240  0  71.2
2018 241  0  71.8
2018 242  0  69.6
2018 243  0  68.8
2018 244  0  69.5
2018 245  0  68.9
2018 246  0  69.3
2018 247  0  68.6
2018 248  0  68.6
2018 249  0  68.4
2018 250  0  68.6
2018 251  0  69.7
2018 252  0  69.4
2018 253  0  69.9
2018 254  0  70.3
2018 255  0  70.6
2018 256  0  70.5
2018 257  0  69.8
2018 258  0  69.2
2018 259  0  69.8
2018 260  0  68.5
2018 261  0  68.8
2018 262  0  68.5
2018 263  0  67.2
2018 264  0  67.4
2018 265  0  68.4
2018 266  0  68.9
2018 267  0  69.0
2018 268  0  68.0
2018 269  0  69.3
2018 270  0  67.4
2018 271  0  69.4
2018 272  0  68.9
2018 273  0  68.5
2018 274  0  70.3
2018 275  0  67.1
2018 276  0  68.4
2018 277  0  67.2
2018 278  0  68.7
2018 279  0  68.6
2018 280  0  69.4
2018 281  0  68.7
2018 282  0  69.3
2018 283  0  69.6
2018 284  0  70.6
2018 285  0  71.3
2018 286  0  72.1
2018 287  0  71.1
2018 288  0  69.6
2018 289  0  69.3
2018 290  0  69.6
2018 291  0  69.0
2018 292  0  69.0
2018 293  0  69.8
2018 294  0  70.4
2018 295  0  70.2
2018 296  0  70.9
2018 297  0  68.9
2018 298  0  68.6
2018 299  0  68.3
2018 300  0  68.5
2018 301  0  67.4
2018 302  0  67.9
2018 303  0  66.1
2018 304  0  67.1
2018 305  0  65.8
2018 306  0  66.5
2018 307  0  66.3
2018 308  0  65.5
2018 309  0  67.2
2018 310  0  67.6
2018 311  0  67.5
2018 312  0  68.2
2018 313  0  67.6
2018 314  0  67.6
2018 315  0  68.0
2018 316  0  66.8
2018 317  0  65.6
2018 318  0  66.5
2018 319  0  66.9
2018 320  0  69.5
2018 321  0  71.7
2018 322  0  70.6
2018 323  0  69.5
2018 324  0  68.8
2018 325  0  67.1
2018 326  0  67.5
2018 327  0  67.5
2018 328  0  68.2
2018 329  0  67.8
2018 330  0  66.8
2018 331  0  66.6
2018 332  0  65.7
2018 333  0  66.0
2018 334  0  66.1
2018 335  0  67.4
2018 336  0  67.0
2018 337  0  66.4
2018 338  0  66.8
2018 339  0  68.8
2018 340  0  67.7
2018 341  0  68.1
2018 342  0  68.4
2018 343  0  69.5
2018 344  0  68.8
2018 345  0  68.9
2018 346  0  68.6
2018 347  0  68.0
2018 348  0  68.6
2018 349  0  68.9
2018 350  0  67.6
2018 351  0  67.9
2018 352  0  68.1
2018 353  0  68.0
2018 354  0  67.6
2018 355  0  68.8
2018 356  0  68.7
2018 357  0  68.0
2018 358  0  67.2
2018 359  0  67.3
2018 360  0  66.5
2018 361  0  66.2
2018 362  0  67.0
2018 363  0  66.7
2018 364  0  67.1
2018 365  0  67.0
2019   1  0  69.5
2019   2  0  72.7
2019   3  0  70.2
2019   4  0  69.1
2019   5  0  68.8
2019   6  0  69.6
2019   7  0  69.1
2019   8  0  69.0
2019   9  0  69.2
2019  10  0  67.8
2019  11  0  65.9
2019  12  0  67.3
2019  13  0  66.6
2019  14  0  67.8
2019  15  0  67.3
2019  16  0  67.5
2019  17  0  66.4
2019  18  0  66.6
2019  19  0  67.4
2019  20  0  67.0
2019  21  0  67.7
2019  22  0  68.5
2019  23  0  69.3
2019  24  0  70.2
2019  25  0  72.7
2019  26  0  74.3
2019  27  0  72.8
2019  28  0  73.5
2019  29  0  70.9
2019  30  0  71.4
2019  31  0  70.0
2019  32  0  70.0
2019  33  0  68.8
2019  34  0  69.1
2019  35  0  68.7
2019  36  0  68.7
2019  37  0  67.9
2019  38  0  68.3
2019  39  0  68.1
2019  40  0  68.4
2019  41  0  68.1
2019  42  0  68.0
2019  43  0  68.4
2019  44  0  68.6
2019  45  0  69.7
2019  46  0  69.2
2019  47  0  69.0
2019  48  0  68.4
2019  49  0  68.3
2019  50  0  68.6
2019  51  0  69.4
2019  52  0  69.2
2019  53  0  69.7
2019  54  0  69.2
2019  55  0  69.0
2019  56  0  68.9
2019  57  0  69.2
2019  58  0  69.4
2019  59  0  68.8
2019  60  0  68.7
2019  61  0  68.2
2019  62  0  68.3
2019  63  0  69.7
2019  64  0  70.8
2019  65  0  71.3
2019  66  0  69.9
2019  67  0  70.7
2019  68  0  69.7
2019  69  0  70.1
2019  70  0  69.5
2019  71  0  69.8
2019  72  0  70.0
2019  73  0  69.3
2019  74  0  68.9
2019  75  0  68.8
2019  76  0  68.6
2019  77  0  69.3
2019  78  0  69.1
2019  79  0  76.2
2019  80  0  79.4
2019  81  0  81.8
2019  82  0  78.9
2019  83  0  75.0
2019  84  0  70.8
2019  85  0  68.7
2019  86  0  68.6
2019  87  0  68.1
2019  88  0  68.6
2019  89  0  69.2
2019  90  0  69.4
2019  91  0  69.2
2019  92  0  70.8
2019  93  0  70.6
2019  94  0  70.3
2019  95  0  71.8
2019  96  0  73.7
2019  97  0  76.6
2019  98  0  78.8
2019  99  0  79.3
2019 100  0  78.4
2019 101  0  78.9
2019 102  0  77.7
2019 103  0  78.3
2019 104  0  75.9
2019 105  0  75.9
2019 106  0  74.7
2019 107  0  76.7
2019 108  0  75.2
2019 109  0  73.3
2019 110  0  70.6
2019 111  0  69.9
2019 112  0  70.2
2019 113  0  69.6
2019 114  0  70.1
2019 115  0  68.4
2019 116  0  68.0
2019 117  0  67.8
2019 118  0  68.8
2019 119  0  67.9
2019 120  0  69.5
2019 121  0  68.7
2019 122  0  70.3
2019 123  0  70.9
2019 124  0  73.5
2019 125  0  74.7
2019 126  0  77.3
2019 127  0  80.1
2019 128  0  76.8
2019 129  0  77.7
2019 130  0  77.8
2019 131  0  79.5
2019 132  0  77.6
2019 133  0  76.2
2019 134  0  76.0
2019 135  0  75.6
2019 136  0  75.3
2019 137  0  73.8
2019 138  0  72.2
2019 139  0  69.6
2019 140  0  70.4
2019 141  0  69.7
2019 142  0  69.0
2019 143  0  68.2
2019 144  0  68.1
2019 145  0  68.7
2019 146  0  69.8
2019 147  0  69.3
2019 148  0  70.0
2019 149  0  70.1
2019 150  0  70.6
2019 151  0  70.6
2019 152  0  71.7
2019 153  0  71.9
2019 154  0  71.8
2019 155  0  72.1
2019 156  0  71.8
2019 157  0  70.9
2019 158  0  71.0
2019 159  0  70.5
2019 160  0  70.5
2019 161  0  71.0
2019 162  0  71.9
2019 163  0  71.6
2019 164  0  69.6
2019 165  0  70.1
2019 166  0  68.8
2019 167  0  68.0
2019 168  0  68.5
2019 169  0  69.2
2019 170  0  70.2
2019 171  0  69.9
2019 172  0  68.6
2019 173  0  68.6
2019 174  0  69.5
2019 175  0  70.2
2019 176  0  70.2
2019 177  0  70.3
2019 178  0  69.3
2019 179  0  70.4
2019 180  0  69.9
2019 181  0  69.7
2019 182  0  70.5
2019 183  0  69.5
2019 184  0  69.1
2019 185  0  69.9
2019 186  0  69.0
2019 187  0  68.8
2019 188  0  69.6
2019 189  0  68.7
2019 190  0  69.7
2019 191  0  70.1
2019 192  0  69.4
2019 193  0  69.0
2019 194  0  68.2
2019 195  0  69.4
2019 196  0  69.3
2019 197  0  69.5
2019 198  0  70.0
2019 199  0  69.2
2019 200  0  68.9
2019 201  0  69.1
2019 202  0  69.8
2019 203  0  69.5
2019 204  0  69.6
2019 205  0  70.0
2019 206  0  70.3
2019 207  0  69.8
2019 208  0  68.7
2019 209  0  69.2
2019 210  0  68.2
2019 211  0  68.3
2019 212  0  68.9
2019 213  0  68.8
2019 214  0  68.9
2019 215  0  67.7
2019 216  0  68.8
2019 217  0  70.1
2019 218  0  70.1
2019 219  0  69.9
2019 220  0  70.6
2019 221  0  69.1
2019 222  0  69.1
2019 223  0  69.5
2019 224  0  69.0
2019 225  0  68.6
2019 226  0  69.1
2019 227  0  69.4
2019 228  0  69.2
2019 229  0  69.7
2019 230  0  69.2
2019 231  0  69.3
2019 232  0  68.9
2019 233  0  68.4
2019 234  0  67.3
2019 235  0  68.0
2019 236  0  67.8
2019 237  0  67.4
2019 238  0  67.2
2019 239  0  67.5
2019 240  0  67.2
2019 241  0  67.2
2019 242  0  67.8
2019 243  0  67.7
2019 244  0  68.3
2019 245  0  70.0
2019 246  0  69.8
2019 247  0  69.8
2019 248  0  69.4
2019 249  0  70.0
2019 250  0  75.0
2019 251  0  68.5
2019 252  0  69.8
2019 253  0  70.9
2019 254  0  69.0
2019 255  0  70.3
2019 256  0  69.1
2019 257  0  69.4
2019 258  0  68.4
2019 259  0  69.4
2019 260  0  68.2
2019 261  0  66.9
2019 262  0  67.7
2019 263  0  67.7
2019 264  0  68.2
2019 265  0  68.8
2019 266  0  66.6
2019 267  0  67.5
2019 268  0  67.9
2019 269  0  67.4
2019 270  0  66.8
2019 271  0  67.5
2019 272  0  67.7
2019 273  0  68.1
2019 274  0  68.8
2019 275  0  68.4
2019 276  0  68.3
2019 277  0  68.1
2019 278  0  67.8
2019 279  0  67.3
2019 280  0  67.6
2019 281  0  67.0
2019 282  0  67.9
2019 283  0  67.3
2019 284  0  68.3
2019 285  0  68.0
2019 286  0  66.9
2019 287  0  65.8
2019 288  0  66.9
2019 289  0  65.9
2019 290  0  65.6
2019 291  0  65.6
2019 292  0  65.5
2019 293  0  64.4
2019 294  0  63.4
2019 295  0  64.9
2019 296  0  63.9
2019 297  0  64.3
2019 298  0  67.9
2019 299  0  67.8
2019 300  0  68.0
2019 301  0  68.5
2019 302  0  68.2
2019 303  0  68.8
2019 304  0  70.2
2019 305  0  69.6
2019 306  0  69.6
2019 307  0  68.3
2019 308  0  69.6
2019 309  0  69.2
2019 310  0  68.1
2019 311  0  68.5
2019 312  0  68.9
2019 313  0  68.3
2019 314  0  69.4
2019 315  0  68.1
2019 316  0  69.3
2019 317  0  69.6
2019 318  0  68.4
2019 319  0  68.5
2019 320  0  68.2
2019 321  0  68.5
2019 322  0  68.8
2019 323  0  67.6
2019 324  0  68.5
2019 325  0  69.1
2019 326  0  67.9
2019 327  0  68.5
2019 328  0  68.8
2019 329  0  67.7
2019 330  0  68.6
2019 331  0  69.6
2019 332  0  68.3
2019 333  0  67.9
2019 334  0  68.5
2019 335  0  69.2
2019 336  0  68.4
2019 337  0  67.9
2019 338  0  67.6
2019 339  0  68.6
2019 340  0  68.3
2019 341  0  68.2
2019 342  0  69.4
2019 343  0  68.6
2019 344  0  68.4
2019 345  0  68.6
2019 346  0  68.3
2019 347  0  66.8
2019 348  0  68.1
2019 349  0  68.8
2019 350  0  67.7
2019 351  0  68.2
2019 352  0  68.0
2019 353  0  67.7
2019 354  0  69.7
2019 355  0  68.4
2019 356  0  68.7
2019 357  0  70.2
2019 358  0  70.3
2019 359  0  69.8
2019 360  0  69.7
2019 361  0  70.1
2019 362  0  69.8
2019 363  0  69.6
2019 364  0  68.6
2019 365  0  68.2
2020   1  0  69.4
